Id,Stage,StageMax,Target,TargetIncrease,TargetIncreaseUp,TargetIncreaseUpExponential,RewardId
10001,0,0,,0,0,0,rw_m_daily_20
10001,1,0,,0,0,0,rw_m_daily_40
10001,2,0,,0,0,0,rw_m_daily_60
10001,3,0,,0,0,0,rw_m_daily_80
10001,4,0,,0,0,0,rw_m_daily_100
10002,0,0,,0,0,0,rw_m_point_daily_20
10003,0,0,,0,0,0,rw_m_point_daily_10
10004,0,0,,0,0,0,rw_m_point_daily_10
10005,0,0,,0,0,0,rw_m_point_daily_10
10006,0,0,,0,0,0,rw_m_point_daily_10
10012,0,0,,0,0,0,rw_m_point_daily_10
10013,0,0,,0,0,0,rw_m_point_daily_10
10007,0,0,,0,0,0,rw_m_point_daily_20
10008,0,0,,0,0,0,rw_m_point_daily_10
10009,0,0,,0,0,0,rw_m_point_daily_10
10010,0,0,,0,0,0,rw_m_point_daily_20
10011,0,0,,0,0,0,rw_m_point_daily_20
10101,0,0,,0,0,0,rw_m_daily_epic_20
10101,1,0,,0,0,0,rw_m_daily_epic_40
10101,2,0,,0,0,0,rw_m_daily_epic_60
10101,3,0,,0,0,0,rw_m_daily_epic_80
10101,4,0,,0,0,0,rw_m_daily_epic_100
10102,0,0,,0,0,0,rw_m_point_daily_epic_20
10103,0,0,,0,0,0,rw_m_point_daily_epic_20
10104,0,0,,0,0,0,rw_m_point_daily_epic_20
10105,0,0,,0,0,0,rw_m_point_daily_epic_20
10106,0,0,,0,0,0,rw_m_point_daily_epic_20
10108,0,0,,0,0,0,rw_m_point_daily_epic_20
10109,0,0,,0,0,0,rw_m_point_daily_epic_20
10110,0,0,,0,0,0,rw_m_point_daily_epic_20
10201,0,999,,3,0,0,rw_m_gem_30
10202,0,8,,500,0,0,rw_m_gem_10
10202,9,13,,1000,0,0,rw_m_gem_10
10202,14,19,,2500,0,0,rw_m_gem_10
10202,20,24,,5000,0,0,rw_m_gem_10
10202,25,29,,10000,0,0,rw_m_gem_10
10202,30,39,,20000,0,0,rw_m_gem_10
10202,40,49,,30000,0,0,rw_m_gem_10
10202,50,59,,40000,0,0,rw_m_gem_10
10202,60,79,,50000,0,0,rw_m_gem_10
10202,80,159,,100000,0,0,rw_m_gem_10
10202,160,260,,150000,0,0,rw_m_gem_10
10203,0,2,,2500,0,0,rw_m_gem_10
10203,3,10,,5000,0,0,rw_m_gem_10
10203,11,105,,10000,0,0,rw_m_gem_10
10203,106,265,,25000,0,0,rw_m_gem_10
10203,266,365,,50000,0,0,rw_m_gem_10
10203,366,465,,100000,0,0,rw_m_gem_10
10203,466,665,,150000,0,0,rw_m_gem_10
10203,666,915,,200000,0,0,rw_m_gem_10
10203,916,1115,,250000,0,0,rw_m_gem_10
10203,1116,1315,,500000,0,0,rw_m_gem_10
10204,0,3,,100,0,0,rw_m_gem_10
10204,4,11,,250,0,0,rw_m_gem_10
10204,12,106,,500,0,0,rw_m_gem_10
10204,107,256,,1000,0,0,rw_m_gem_10
10204,257,376,,2500,0,0,rw_m_gem_10
10204,377,476,,5000,0,0,rw_m_gem_10
10204,477,576,,10000,0,0,rw_m_gem_10
10204,577,776,,15000,0,0,rw_m_gem_10
10204,777,1026,,20000,0,0,rw_m_gem_10
10204,1027,1226,,25000,0,0,rw_m_gem_10
10204,1227,1326,,50000,0,0,rw_m_gem_10
10205,0,1100,,0,0,3.0,rw_m_gem_10
10206,0,1100,,0,0,3.0,rw_m_gem_10
10207,0,1100,,0,0,3.0,rw_m_gem_20
10240,0,1000,,5,5,0,rw_m_gem_20
10278,0,100,,0,0,2.0,rw_m_gem_20
10208,0,8,,50,0,0,rw_m_gem_10
10208,9,13,,100,0,0,rw_m_gem_10
10208,14,19,,250,0,0,rw_m_gem_10
10208,20,34,,500,0,0,rw_m_gem_10
10208,35,49,,1000,0,0,rw_m_gem_10
10208,50,59,,2500,0,0,rw_m_gem_10
10208,60,89,,5000,0,0,rw_m_gem_10
10208,90,119,,10000,0,0,rw_m_gem_10
10208,120,140,,25000,0,0,rw_m_gem_10
10209,0,8,,50,0,0,rw_m_gem_10
10209,9,13,,100,0,0,rw_m_gem_10
10209,14,19,,250,0,0,rw_m_gem_10
10209,20,34,,500,0,0,rw_m_gem_10
10209,35,49,,1000,0,0,rw_m_gem_10
10209,50,59,,2500,0,0,rw_m_gem_10
10209,60,89,,5000,0,0,rw_m_gem_10
10209,90,119,,10000,0,0,rw_m_gem_10
10209,120,140,,25000,0,0,rw_m_gem_10
10210,0,2,,25,0,0,rw_m_gem_20
10210,3,6,,100,0,0,rw_m_gem_20
10210,7,14,,250,0,0,rw_m_gem_20
10210,15,29,,500,0,0,rw_m_gem_20
10210,30,44,,1000,0,0,rw_m_gem_20
10210,45,54,,2500,0,0,rw_m_gem_20
10210,55,64,,5000,0,0,rw_m_gem_20
10210,65,79,,10000,0,0,rw_m_gem_20
10210,80,110,,25000,0,0,rw_m_gem_20
10211,0,300,,20,0,0,rw_m_gem_50
10212,0,3,,3,0,0,rw_m_gem_20
10212,4,20,,5,0,0,rw_m_gem_20
10212,21,41,,10,0,0,rw_m_gem_20
10213,0,8,,10,0,0,rw_m_gem_50
10213,9,13,,20,0,0,rw_m_gem_50
10213,14,1000,,40,0,0,rw_m_gem_50
10214,0,1000,,5,0,0,rw_m_gem_50
10215,0,98,,5,0,0,rw_m_gem_10
10215,99,149,,10,0,0,rw_m_gem_10
10216,0,18,,1800,0,0,rw_m_gem_10
10216,19,209,,3600,0,0,rw_m_gem_10
10216,210,309,,7200,0,0,rw_m_gem_10
10217,0,8,,1,0,0,rw_m_gem_30
10217,9,18,,2,0,0,rw_m_gem_30
10217,19,28,,3,0,0,rw_m_gem_30
10217,29,38,,4,0,0,rw_m_gem_30
10217,39,59,,5,0,0,rw_m_gem_30
10219,0,8,,5,0,0,rw_m_gem_10
10219,9,13,,10,0,0,rw_m_gem_10
10219,14,1000,,20,0,0,rw_m_gem_10
10220,0,3,,3,0,0,rw_m_gem_10
10220,4,20,,5,0,0,rw_m_gem_10
10220,21,1000,,10,0,0,rw_m_gem_10
10221,0,48,,3,0,0,rw_m_gem_10
10221,49,98,,5,0,0,rw_m_gem_10
10221,99,158,,10,0,0,rw_m_gem_10
10221,159,100,,20,0,0,rw_m_gem_10
10222,0,8,,5,0,0,rw_m_gem_20
10222,9,13,,10,0,0,rw_m_gem_20
10222,14,2003,,10,0,0,rw_m_gem_20
10223,0,8,,1,0,0,rw_m_gem_100
10223,9,18,,2,0,0,rw_m_gem_100
10223,19,28,,3,0,0,rw_m_gem_100
10223,29,39,,4,0,0,rw_m_gem_100
10225,0,1000,,0,0,2.0,rw_m_gem_10
10230,0,8,,10,0,0,rw_m_gem_10
10230,9,28,,20,0,0,rw_m_gem_10
10230,29,58,,50,0,0,rw_m_gem_10
10230,59,538,,100,0,0,rw_m_gem_10
10230,539,738,,250,0,0,rw_m_gem_10
10231,0,8,,10,0,0,rw_m_gem_10
10231,9,28,,20,0,0,rw_m_gem_10
10231,29,58,,50,0,0,rw_m_gem_10
10231,59,539,,100,0,0,rw_m_gem_10
10232,0,8,,10,0,0,rw_m_gem_10
10232,9,28,,20,0,0,rw_m_gem_10
10232,29,58,,50,0,0,rw_m_gem_10
10232,59,539,,100,0,0,rw_m_gem_10
10233,0,8,,10,0,0,rw_m_gem_10
10233,9,28,,20,0,0,rw_m_gem_10
10233,29,58,,50,0,0,rw_m_gem_10
10233,59,539,,100,0,0,rw_m_gem_10
10234,0,8,,10,0,0,rw_m_gem_10
10234,9,28,,20,0,0,rw_m_gem_10
10234,29,58,,50,0,0,rw_m_gem_10
10234,59,539,,100,0,0,rw_m_gem_10
10235,0,8,,10,0,0,rw_m_gem_10
10235,9,28,,20,0,0,rw_m_gem_10
10235,29,58,,50,0,0,rw_m_gem_10
10235,59,539,,100,0,0,rw_m_gem_10
10236,0,18,,5,0,0,rw_m_gem_10
10236,19,48,,10,0,0,rw_m_gem_10
10236,49,128,,20,0,0,rw_m_gem_10
10236,129,203,,40,0,0,rw_m_gem_10
10236,204,304,,50,0,0,rw_m_gem_10
10237,0,48,,3,0,0,rw_m_gem_10
10237,49,98,,5,0,0,rw_m_gem_10
10237,99,159,,10,0,0,rw_m_gem_10
10238,0,48,,3,0,0,rw_m_gem_10
10238,49,98,,5,0,0,rw_m_gem_10
10238,99,159,,10,0,0,rw_m_gem_10
10239,0,48,,3,0,0,rw_m_gem_10
10239,49,98,,5,0,0,rw_m_gem_10
10239,99,159,,10,0,0,rw_m_gem_10
10250,0,15,,5,0,0,rw_m_gem_30
10251,0,998,,10,0,0,rw_m_gem_10
10251,999,1498,,25,0,0,rw_m_gem_10
10251,1599,2098,,50,0,0,rw_m_gem_10
10251,2099,2599,,100,0,0,rw_m_gem_10
10252,0,8,,10,0,0,rw_m_gem_10
10252,9,24,,25,0,0,rw_m_gem_10
10252,25,54,,50,0,0,rw_m_gem_10
10252,55,84,,100,0,0,rw_m_gem_10
10252,85,1000,,250,0,0,rw_m_gem_10
10253,0,3,,3,0,0,rw_m_gem_10
10253,4,20,,5,0,0,rw_m_gem_10
10253,21,60,,10,0,0,rw_m_gem_10
10253,61,120,,25,0,0,rw_m_gem_10
10253,121,1000,,50,0,0,rw_m_gem_10
10254,0,8,,10,0,0,rw_m_gem_10
10254,9,24,,25,0,0,rw_m_gem_10
10254,25,54,,50,0,0,rw_m_gem_10
10254,55,84,,100,0,0,rw_m_gem_10
10254,85,1000,,250,0,0,rw_m_gem_10
10255,0,30,,1,0,0,rw_m_gem_50
10260,0,3,,3,0,0,rw_m_gem_10
10260,4,20,,5,0,0,rw_m_gem_10
10260,21,1000,,10,0,0,rw_m_gem_10
10261,0,119,,1,0,0,rw_m_gem_50
10277,0,119,,1,0,0,rw_m_gem_50
10262,0,300,,0,0,3.0,rw_m_gem_20
10241,0,300,,0,0,3.0,rw_m_gem_30
10281,0,998,,10,0,0,rw_m_gem_10
10281,999,1498,,25,0,0,rw_m_gem_10
10281,1599,2098,,50,0,0,rw_m_gem_10
10281,2099,2599,,100,0,0,rw_m_gem_10
10264,0,8,,10,0,0,rw_m_gem_10
10264,9,18,,20,0,0,rw_m_gem_10
10264,19,28,,30,0,0,rw_m_gem_10
10264,29,38,,40,0,0,rw_m_gem_10
10264,39,48,,50,0,0,rw_m_gem_10
10264,49,134,,100,0,0,rw_m_gem_10
10265,0,18,,5,0,0,rw_m_gem_10
10265,19,48,,10,0,0,rw_m_gem_10
10265,49,78,,20,0,0,rw_m_gem_10
10265,79,204,,40,0,0,rw_m_gem_10
10266,0,98,,5,0,0,rw_m_gem_10
10266,99,149,,10,0,0,rw_m_gem_10
10279,0,300,,0,0,4.0,rw_m_gem_20
10285,0,45,,0,0,2.0,rw_m_gem_20
10280,0,100,,0,0,2.0,rw_m_gem_20
10263,0,1000,,0,0,2.0,rw_m_gem_10
10267,0,8,,10,0,0,rw_m_gem_10
10267,9,28,,20,0,0,rw_m_gem_10
10267,29,319,,50,0,0,rw_m_gem_10
10268,0,99,,5,0,0,rw_m_gem_10
10271,0,48,,50000,0,0,rw_m_gem_10
10271,49,73,,100000,0,0,rw_m_gem_10
10271,74,93,,250000,0,0,rw_m_gem_10
10271,94,123,,500000,0,0,rw_m_gem_10
10271,124,148,,1000000,0,0,rw_m_gem_10
10271,149,169,,2500000,0,0,rw_m_gem_10
10272,0,18,,5,0,0,rw_m_gem_10
10272,19,48,,10,0,0,rw_m_gem_10
10272,49,89,,20,0,0,rw_m_gem_10
10274,0,8,,10,0,0,rw_m_gem_10
10274,9,24,,25,0,0,rw_m_gem_10
10274,25,54,,50,0,0,rw_m_gem_10
10274,55,84,,100,0,0,rw_m_gem_10
10274,85,1000,,250,0,0,rw_m_gem_10
10275,0,3,,3,0,0,rw_m_gem_10
10275,4,20,,5,0,0,rw_m_gem_10
10275,21,60,,10,0,0,rw_m_gem_10
10275,61,120,,25,0,0,rw_m_gem_10
10275,121,1000,,50,0,0,rw_m_gem_10
10276,0,8,,10,0,0,rw_m_gem_10
10276,9,24,,25,0,0,rw_m_gem_10
10276,25,54,,50,0,0,rw_m_gem_10
10276,55,84,,100,0,0,rw_m_gem_10
10276,85,1000,,250,0,0,rw_m_gem_10
10282,0,100,,0,0,3.0,rw_m_gem_10
10283,0,100,,0,0,3.0,rw_m_gem_10
10284,0,18,,5,0,0,rw_m_gem_10
10284,19,58,,10,0,0,rw_m_gem_10
10301,0,0,,0,0,0,rw_pass_rank_1
10301,1,0,,0,0,0,rw_pass_rank_2
10301,2,0,,0,0,0,rw_pass_rank_3
10301,3,0,,0,0,0,rw_pass_rank_4
10301,4,0,,0,0,0,rw_pass_rank_5
10301,5,0,,0,0,0,rw_pass_rank_6
10301,6,0,,0,0,0,rw_pass_rank_7
10301,7,0,,0,0,0,rw_pass_rank_8
10301,8,0,,0,0,0,rw_pass_rank_9
10301,9,0,,0,0,0,rw_pass_rank_10
10301,10,0,,0,0,0,rw_pass_rank_11
10301,11,0,,0,0,0,rw_pass_rank_12
10301,12,0,,0,0,0,rw_pass_rank_13
10301,13,0,,0,0,0,rw_pass_rank_14
10301,14,0,,0,0,0,rw_pass_rank_15
10301,15,0,,0,0,0,rw_pass_rank_16
10301,16,0,,0,0,0,rw_pass_rank_17
10301,17,0,,0,0,0,rw_pass_rank_18
10301,18,0,,0,0,0,rw_pass_rank_19
10301,19,0,,0,0,0,rw_pass_rank_20
10301,20,0,,0,0,0,rw_pass_rank_21
10302,0,0,,0,0,0,rw_pass_rank_epic_1
10302,1,0,,0,0,0,rw_pass_rank_epic_2
10302,2,0,,0,0,0,rw_pass_rank_epic_3
10302,3,0,,0,0,0,rw_pass_rank_epic_4
10302,4,0,,0,0,0,rw_pass_rank_epic_5
10302,5,0,,0,0,0,rw_pass_rank_epic_6
10302,6,0,,0,0,0,rw_pass_rank_epic_7
10302,7,0,,0,0,0,rw_pass_rank_epic_8
10302,8,0,,0,0,0,rw_pass_rank_epic_9
10302,9,0,,0,0,0,rw_pass_rank_epic_10
10302,10,0,,0,0,0,rw_pass_rank_epic_11
10302,11,0,,0,0,0,rw_pass_rank_epic_12
10302,12,0,,0,0,0,rw_pass_rank_epic_13
10302,13,0,,0,0,0,rw_pass_rank_epic_14
10302,14,0,,0,0,0,rw_pass_rank_epic_15
10302,15,0,,0,0,0,rw_pass_rank_epic_16
10302,16,0,,0,0,0,rw_pass_rank_epic_17
10302,17,0,,0,0,0,rw_pass_rank_epic_18
10302,18,0,,0,0,0,rw_pass_rank_epic_19
10302,19,0,,0,0,0,rw_pass_rank_epic_20
10302,20,0,,0,0,0,rw_pass_rank_epic_21
10303,0,0,,0,0,0,rw_pass_rank_22
10303,1,0,,0,0,0,rw_pass_rank_23
10303,2,0,,0,0,0,rw_pass_rank_24
10303,3,0,,0,0,0,rw_pass_rank_25
10303,4,0,,0,0,0,rw_pass_rank_26
10303,5,0,,0,0,0,rw_pass_rank_27
10303,6,0,,0,0,0,rw_pass_rank_28
10303,7,0,,0,0,0,rw_pass_rank_29
10303,8,0,,0,0,0,rw_pass_rank_30
10304,0,0,,0,0,0,rw_pass_rank_epic_22
10304,1,0,,0,0,0,rw_pass_rank_epic_23
10304,2,0,,0,0,0,rw_pass_rank_epic_24
10304,3,0,,0,0,0,rw_pass_rank_epic_25
10304,4,0,,0,0,0,rw_pass_rank_epic_26
10304,5,0,,0,0,0,rw_pass_rank_epic_27
10304,6,0,,0,0,0,rw_pass_rank_epic_28
10304,7,0,,0,0,0,rw_pass_rank_epic_29
10304,8,0,,0,0,0,rw_pass_rank_epic_30
10305,0,0,,0,0,0,rw_pass_rank_31
10305,1,0,,0,0,0,rw_pass_rank_32
10305,2,0,,0,0,0,rw_pass_rank_33
10305,3,0,,0,0,0,rw_pass_rank_34
10305,4,0,,0,0,0,rw_pass_rank_35
10305,5,0,,0,0,0,rw_pass_rank_36
10305,6,0,,0,0,0,rw_pass_rank_37
10305,7,0,,0,0,0,rw_pass_rank_38
10305,8,0,,0,0,0,rw_pass_rank_39
10305,9,0,,0,0,0,rw_pass_rank_40
10305,10,0,,0,0,0,rw_pass_rank_41
10305,11,0,,0,0,0,rw_pass_rank_42
10306,0,0,,0,0,0,rw_pass_rank_epic_31
10306,1,0,,0,0,0,rw_pass_rank_epic_32
10306,2,0,,0,0,0,rw_pass_rank_epic_33
10306,3,0,,0,0,0,rw_pass_rank_epic_34
10306,4,0,,0,0,0,rw_pass_rank_epic_35
10306,5,0,,0,0,0,rw_pass_rank_epic_36
10306,6,0,,0,0,0,rw_pass_rank_epic_37
10306,7,0,,0,0,0,rw_pass_rank_epic_38
10306,8,0,,0,0,0,rw_pass_rank_epic_39
10306,9,0,,0,0,0,rw_pass_rank_epic_40
10306,10,0,,0,0,0,rw_pass_rank_epic_41
10306,11,0,,0,0,0,rw_pass_rank_epic_42
10307,0,0,,0,0,0,rw_pass_rank_43
10307,1,0,,0,0,0,rw_pass_rank_44
10307,2,0,,0,0,0,rw_pass_rank_45
10307,3,0,,0,0,0,rw_pass_rank_46
10307,4,0,,0,0,0,rw_pass_rank_47
10307,5,0,,0,0,0,rw_pass_rank_48
10307,6,0,,0,0,0,rw_pass_rank_49
10307,7,0,,0,0,0,rw_pass_rank_50
10307,8,0,,0,0,0,rw_pass_rank_51
10307,9,0,,0,0,0,rw_pass_rank_52
10307,10,0,,0,0,0,rw_pass_rank_53
10307,11,0,,0,0,0,rw_pass_rank_54
10307,12,0,,0,0,0,rw_pass_rank_55
10307,13,0,,0,0,0,rw_pass_rank_56
10307,14,0,,0,0,0,rw_pass_rank_57
10308,0,0,,0,0,0,rw_pass_rank_epic_43
10308,1,0,,0,0,0,rw_pass_rank_epic_44
10308,2,0,,0,0,0,rw_pass_rank_epic_45
10308,3,0,,0,0,0,rw_pass_rank_epic_46
10308,4,0,,0,0,0,rw_pass_rank_epic_47
10308,5,0,,0,0,0,rw_pass_rank_epic_48
10308,6,0,,0,0,0,rw_pass_rank_epic_49
10308,7,0,,0,0,0,rw_pass_rank_epic_50
10308,8,0,,0,0,0,rw_pass_rank_epic_51
10308,9,0,,0,0,0,rw_pass_rank_epic_52
10308,10,0,,0,0,0,rw_pass_rank_epic_53
10308,11,0,,0,0,0,rw_pass_rank_epic_54
10308,12,0,,0,0,0,rw_pass_rank_epic_55
10308,13,0,,0,0,0,rw_pass_rank_epic_56
10308,14,0,,0,0,0,rw_pass_rank_epic_57
10309,0,0,,0,0,0,rw_pass_rank_58
10309,1,0,,0,0,0,rw_pass_rank_59
10309,2,0,,0,0,0,rw_pass_rank_60
10309,3,0,,0,0,0,rw_pass_rank_61
10309,4,0,,0,0,0,rw_pass_rank_62
10309,5,0,,0,0,0,rw_pass_rank_63
10309,6,0,,0,0,0,rw_pass_rank_64
10309,7,0,,0,0,0,rw_pass_rank_65
10309,8,0,,0,0,0,rw_pass_rank_66
10309,9,0,,0,0,0,rw_pass_rank_67
10309,10,0,,0,0,0,rw_pass_rank_68
10309,11,0,,0,0,0,rw_pass_rank_69
10309,12,0,,0,0,0,rw_pass_rank_70
10309,13,0,,0,0,0,rw_pass_rank_71
10309,14,0,,0,0,0,rw_pass_rank_72
10310,0,0,,0,0,0,rw_pass_rank_epic_58
10310,1,0,,0,0,0,rw_pass_rank_epic_59
10310,2,0,,0,0,0,rw_pass_rank_epic_60
10310,3,0,,0,0,0,rw_pass_rank_epic_61
10310,4,0,,0,0,0,rw_pass_rank_epic_62
10310,5,0,,0,0,0,rw_pass_rank_epic_63
10310,6,0,,0,0,0,rw_pass_rank_epic_64
10310,7,0,,0,0,0,rw_pass_rank_epic_65
10310,8,0,,0,0,0,rw_pass_rank_epic_66
10310,9,0,,0,0,0,rw_pass_rank_epic_67
10310,10,0,,0,0,0,rw_pass_rank_epic_68
10310,11,0,,0,0,0,rw_pass_rank_epic_69
10310,12,0,,0,0,0,rw_pass_rank_epic_70
10310,13,0,,0,0,0,rw_pass_rank_epic_71
10310,14,0,,0,0,0,rw_pass_rank_epic_72
10340,0,0,,0,0,0,rw_pass_rank_73
10340,1,0,,0,0,0,rw_pass_rank_74
10340,2,0,,0,0,0,rw_pass_rank_75
10340,3,0,,0,0,0,rw_pass_rank_76
10340,4,0,,0,0,0,rw_pass_rank_77
10340,5,0,,0,0,0,rw_pass_rank_78
10340,6,0,,0,0,0,rw_pass_rank_79
10341,0,0,,0,0,0,rw_pass_rank_epic_73
10341,1,0,,0,0,0,rw_pass_rank_epic_74
10341,2,0,,0,0,0,rw_pass_rank_epic_75
10341,3,0,,0,0,0,rw_pass_rank_epic_76
10341,4,0,,0,0,0,rw_pass_rank_epic_77
10341,5,0,,0,0,0,rw_pass_rank_epic_78
10341,6,0,,0,0,0,rw_pass_rank_epic_79
10311,0,0,,0,0,0,rw_pass_field_1
10311,1,0,,0,0,0,rw_pass_field_2
10311,2,0,,0,0,0,rw_pass_field_3
10311,3,0,,0,0,0,rw_pass_field_4
10311,4,0,,0,0,0,rw_pass_field_5
10311,5,0,,0,0,0,rw_pass_field_6
10311,6,0,,0,0,0,rw_pass_field_7
10311,7,0,,0,0,0,rw_pass_field_8
10311,8,0,,0,0,0,rw_pass_field_9
10311,9,0,,0,0,0,rw_pass_field_10
10311,10,0,,0,0,0,rw_pass_field_11
10311,11,0,,0,0,0,rw_pass_field_12
10311,12,0,,0,0,0,rw_pass_field_13
10311,13,0,,0,0,0,rw_pass_field_14
10311,14,0,,0,0,0,rw_pass_field_15
10311,15,0,,0,0,0,rw_pass_field_16
10311,16,0,,0,0,0,rw_pass_field_17
10311,17,0,,0,0,0,rw_pass_field_18
10311,18,0,,0,0,0,rw_pass_field_19
10311,19,0,,0,0,0,rw_pass_field_20
10311,20,0,,0,0,0,rw_pass_field_21
10311,21,0,,0,0,0,rw_pass_field_22
10311,22,0,,0,0,0,rw_pass_field_23
10311,23,0,,0,0,0,rw_pass_field_24
10311,24,0,,0,0,0,rw_pass_field_25
10311,25,0,,0,0,0,rw_pass_field_26
10311,26,0,,0,0,0,rw_pass_field_27
10311,27,0,,0,0,0,rw_pass_field_28
10311,28,0,,0,0,0,rw_pass_field_29
10311,29,0,,0,0,0,rw_pass_field_30
10311,30,0,,0,0,0,rw_pass_field_31
10311,31,0,,0,0,0,rw_pass_field_32
10311,32,0,,0,0,0,rw_pass_field_33
10312,0,0,,0,0,0,rw_pass_field_epic_1
10312,1,0,,0,0,0,rw_pass_field_epic_2
10312,2,0,,0,0,0,rw_pass_field_epic_3
10312,3,0,,0,0,0,rw_pass_field_epic_4
10312,4,0,,0,0,0,rw_pass_field_epic_5
10312,5,0,,0,0,0,rw_pass_field_epic_6
10312,6,0,,0,0,0,rw_pass_field_epic_7
10312,7,0,,0,0,0,rw_pass_field_epic_8
10312,8,0,,0,0,0,rw_pass_field_epic_9
10312,9,0,,0,0,0,rw_pass_field_epic_10
10312,10,0,,0,0,0,rw_pass_field_epic_11
10312,11,0,,0,0,0,rw_pass_field_epic_12
10312,12,0,,0,0,0,rw_pass_field_epic_13
10312,13,0,,0,0,0,rw_pass_field_epic_14
10312,14,0,,0,0,0,rw_pass_field_epic_15
10312,15,0,,0,0,0,rw_pass_field_epic_16
10312,16,0,,0,0,0,rw_pass_field_epic_17
10312,17,0,,0,0,0,rw_pass_field_epic_18
10312,18,0,,0,0,0,rw_pass_field_epic_19
10312,19,0,,0,0,0,rw_pass_field_epic_20
10312,20,0,,0,0,0,rw_pass_field_epic_21
10312,21,0,,0,0,0,rw_pass_field_epic_22
10312,22,0,,0,0,0,rw_pass_field_epic_23
10312,23,0,,0,0,0,rw_pass_field_epic_24
10312,24,0,,0,0,0,rw_pass_field_epic_25
10312,25,0,,0,0,0,rw_pass_field_epic_26
10312,26,0,,0,0,0,rw_pass_field_epic_27
10312,27,0,,0,0,0,rw_pass_field_epic_28
10312,28,0,,0,0,0,rw_pass_field_epic_29
10312,29,0,,0,0,0,rw_pass_field_epic_30
10312,30,0,,0,0,0,rw_pass_field_epic_31
10312,31,0,,0,0,0,rw_pass_field_epic_32
10312,32,0,,0,0,0,rw_pass_field_epic_33
10313,0,0,,0,0,0,rw_pass_field_34
10313,1,0,,0,0,0,rw_pass_field_35
10313,2,0,,0,0,0,rw_pass_field_36
10313,3,0,,0,0,0,rw_pass_field_37
10313,4,0,,0,0,0,rw_pass_field_38
10313,5,0,,0,0,0,rw_pass_field_39
10313,6,0,,0,0,0,rw_pass_field_40
10313,7,0,,0,0,0,rw_pass_field_41
10313,8,0,,0,0,0,rw_pass_field_42
10313,9,0,,0,0,0,rw_pass_field_43
10313,10,0,,0,0,0,rw_pass_field_44
10313,11,0,,0,0,0,rw_pass_field_45
10313,12,0,,0,0,0,rw_pass_field_46
10314,0,0,,0,0,0,rw_pass_field_epic_34
10314,1,0,,0,0,0,rw_pass_field_epic_35
10314,2,0,,0,0,0,rw_pass_field_epic_36
10314,3,0,,0,0,0,rw_pass_field_epic_37
10314,4,0,,0,0,0,rw_pass_field_epic_38
10314,5,0,,0,0,0,rw_pass_field_epic_39
10314,6,0,,0,0,0,rw_pass_field_epic_40
10314,7,0,,0,0,0,rw_pass_field_epic_41
10314,8,0,,0,0,0,rw_pass_field_epic_42
10314,9,0,,0,0,0,rw_pass_field_epic_43
10314,10,0,,0,0,0,rw_pass_field_epic_44
10314,11,0,,0,0,0,rw_pass_field_epic_45
10314,12,0,,0,0,0,rw_pass_field_epic_46
10315,0,0,,0,0,0,rw_pass_field_47
10315,1,0,,0,0,0,rw_pass_field_48
10315,2,0,,0,0,0,rw_pass_field_49
10315,3,0,,0,0,0,rw_pass_field_50
10315,4,0,,0,0,0,rw_pass_field_51
10315,5,0,,0,0,0,rw_pass_field_52
10315,6,0,,0,0,0,rw_pass_field_53
10315,7,0,,0,0,0,rw_pass_field_54
10315,8,0,,0,0,0,rw_pass_field_55
10315,9,0,,0,0,0,rw_pass_field_56
10315,10,0,,0,0,0,rw_pass_field_57
10315,11,0,,0,0,0,rw_pass_field_58
10315,12,0,,0,0,0,rw_pass_field_59
10315,13,0,,0,0,0,rw_pass_field_60
10316,0,0,,0,0,0,rw_pass_field_epic_47
10316,1,0,,0,0,0,rw_pass_field_epic_48
10316,2,0,,0,0,0,rw_pass_field_epic_49
10316,3,0,,0,0,0,rw_pass_field_epic_50
10316,4,0,,0,0,0,rw_pass_field_epic_51
10316,5,0,,0,0,0,rw_pass_field_epic_52
10316,6,0,,0,0,0,rw_pass_field_epic_53
10316,7,0,,0,0,0,rw_pass_field_epic_54
10316,8,0,,0,0,0,rw_pass_field_epic_55
10316,9,0,,0,0,0,rw_pass_field_epic_56
10316,10,0,,0,0,0,rw_pass_field_epic_57
10316,11,0,,0,0,0,rw_pass_field_epic_58
10316,12,0,,0,0,0,rw_pass_field_epic_59
10316,13,0,,0,0,0,rw_pass_field_epic_60
10317,0,0,,0,0,0,rw_pass_field_61
10317,1,0,,0,0,0,rw_pass_field_62
10317,2,0,,0,0,0,rw_pass_field_63
10317,3,0,,0,0,0,rw_pass_field_64
10317,4,0,,0,0,0,rw_pass_field_65
10317,5,0,,0,0,0,rw_pass_field_66
10317,6,0,,0,0,0,rw_pass_field_67
10317,7,0,,0,0,0,rw_pass_field_68
10317,8,0,,0,0,0,rw_pass_field_69
10317,9,0,,0,0,0,rw_pass_field_70
10317,10,0,,0,0,0,rw_pass_field_71
10317,11,0,,0,0,0,rw_pass_field_72
10317,12,0,,0,0,0,rw_pass_field_73
10317,13,0,,0,0,0,rw_pass_field_74
10317,14,0,,0,0,0,rw_pass_field_75
10318,0,0,,0,0,0,rw_pass_field_epic_61
10318,1,0,,0,0,0,rw_pass_field_epic_62
10318,2,0,,0,0,0,rw_pass_field_epic_63
10318,3,0,,0,0,0,rw_pass_field_epic_64
10318,4,0,,0,0,0,rw_pass_field_epic_65
10318,5,0,,0,0,0,rw_pass_field_epic_66
10318,6,0,,0,0,0,rw_pass_field_epic_67
10318,7,0,,0,0,0,rw_pass_field_epic_68
10318,8,0,,0,0,0,rw_pass_field_epic_69
10318,9,0,,0,0,0,rw_pass_field_epic_70
10318,10,0,,0,0,0,rw_pass_field_epic_71
10318,11,0,,0,0,0,rw_pass_field_epic_72
10318,12,0,,0,0,0,rw_pass_field_epic_73
10318,13,0,,0,0,0,rw_pass_field_epic_74
10318,14,0,,0,0,0,rw_pass_field_epic_75
10319,0,0,,0,0,0,rw_pass_field_76
10319,1,0,,0,0,0,rw_pass_field_77
10319,2,0,,0,0,0,rw_pass_field_78
10319,3,0,,0,0,0,rw_pass_field_79
10319,4,0,,0,0,0,rw_pass_field_80
10319,5,0,,0,0,0,rw_pass_field_81
10319,6,0,,0,0,0,rw_pass_field_82
10319,7,0,,0,0,0,rw_pass_field_83
10319,8,0,,0,0,0,rw_pass_field_84
10319,9,0,,0,0,0,rw_pass_field_85
10319,10,0,,0,0,0,rw_pass_field_86
10319,11,0,,0,0,0,rw_pass_field_87
10319,12,0,,0,0,0,rw_pass_field_88
10319,13,0,,0,0,0,rw_pass_field_89
10319,14,0,,0,0,0,rw_pass_field_90
10320,0,0,,0,0,0,rw_pass_field_epic_76
10320,1,0,,0,0,0,rw_pass_field_epic_77
10320,2,0,,0,0,0,rw_pass_field_epic_78
10320,3,0,,0,0,0,rw_pass_field_epic_79
10320,4,0,,0,0,0,rw_pass_field_epic_80
10320,5,0,,0,0,0,rw_pass_field_epic_81
10320,6,0,,0,0,0,rw_pass_field_epic_82
10320,7,0,,0,0,0,rw_pass_field_epic_83
10320,8,0,,0,0,0,rw_pass_field_epic_84
10320,9,0,,0,0,0,rw_pass_field_epic_85
10320,10,0,,0,0,0,rw_pass_field_epic_86
10320,11,0,,0,0,0,rw_pass_field_epic_87
10320,12,0,,0,0,0,rw_pass_field_epic_88
10320,13,0,,0,0,0,rw_pass_field_epic_89
10320,14,0,,0,0,0,rw_pass_field_epic_90
10321,0,0,,0,0,0,rw_pass_field_91
10321,1,0,,0,0,0,rw_pass_field_92
10321,2,0,,0,0,0,rw_pass_field_93
10321,3,0,,0,0,0,rw_pass_field_94
10321,4,0,,0,0,0,rw_pass_field_95
10321,5,0,,0,0,0,rw_pass_field_96
10321,6,0,,0,0,0,rw_pass_field_97
10321,7,0,,0,0,0,rw_pass_field_98
10321,8,0,,0,0,0,rw_pass_field_99
10321,9,0,,0,0,0,rw_pass_field_100
10322,0,0,,0,0,0,rw_pass_field_epic_91
10322,1,0,,0,0,0,rw_pass_field_epic_92
10322,2,0,,0,0,0,rw_pass_field_epic_93
10322,3,0,,0,0,0,rw_pass_field_epic_94
10322,4,0,,0,0,0,rw_pass_field_epic_95
10322,5,0,,0,0,0,rw_pass_field_epic_96
10322,6,0,,0,0,0,rw_pass_field_epic_97
10322,7,0,,0,0,0,rw_pass_field_epic_98
10322,8,0,,0,0,0,rw_pass_field_epic_99
10322,9,0,,0,0,0,rw_pass_field_epic_100
10351,0,0,,0,0,0,rw_traveler_login_1
10351,1,0,,0,0,0,rw_traveler_login_2
10351,2,0,,0,0,0,rw_traveler_login_3
10351,3,0,,0,0,0,rw_traveler_login_4
10351,4,0,,0,0,0,rw_traveler_login_5
10351,5,0,,0,0,0,rw_traveler_login_6
10351,6,0,,0,0,0,rw_traveler_login_7
10351,7,0,,0,0,0,rw_traveler_login_8
10351,8,0,,0,0,0,rw_traveler_login_9
10351,9,0,,0,0,0,rw_traveler_login_10
10352,0,0,,0,0,0,rw_traveler_rank_1
10353,0,0,,0,0,0,rw_traveler_rank_2
10354,0,0,,0,0,0,rw_traveler_rank_3
10355,0,0,,0,0,0,rw_traveler_rank_4
10356,0,0,,0,0,0,rw_traveler_rank_5
10357,0,0,,0,0,0,rw_traveler_rank_6
10358,0,0,,0,0,0,rw_traveler_field_1
10359,0,0,,0,0,0,rw_traveler_field_2
10360,0,0,,0,0,0,rw_traveler_field_3
10361,0,0,,0,0,0,rw_traveler_field_4
10362,0,0,,0,0,0,rw_traveler_field_5
10363,0,0,,0,0,0,rw_traveler_field_6
10364,0,0,,0,0,0,rw_traveler_bullet_1
10365,0,0,,0,0,0,rw_traveler_bullet_2
10366,0,0,,0,0,0,rw_traveler_bullet_3
10367,0,0,,0,0,0,rw_traveler_brick_1
10368,0,0,,0,0,0,rw_traveler_brick_2
10369,0,0,,0,0,0,rw_traveler_brick_3
10370,0,0,,0,0,0,rw_traveler_card_1
10371,0,0,,0,0,0,rw_traveler_card_2
10372,0,0,,0,0,0,rw_traveler_card_3
10373,0,0,,0,0,0,rw_traveler_card_4
10374,0,0,,0,0,0,rw_traveler_mine_1
10375,0,0,,0,0,0,rw_traveler_mine_2
10376,0,0,,0,0,0,rw_traveler_mine_3
10377,0,0,,0,0,0,rw_traveler_mine_4
10378,0,0,,0,0,0,rw_traveler_box_1
10379,0,0,,0,0,0,rw_traveler_box_2
10380,0,0,,0,0,0,rw_traveler_box_3
10381,0,0,,0,0,0,rw_traveler_box_4
10382,0,0,,0,0,0,rw_traveler_box_5
10383,0,0,,0,0,0,rw_traveler_item_1
10384,0,0,,0,0,0,rw_traveler_item_2
10385,0,0,,0,0,0,rw_traveler_item_3
10386,0,0,,0,0,0,rw_traveler_item_4
10387,0,0,,0,0,0,rw_traveler_item_5
10021,0,0,,0,0,0,rw_frontier_login_1
10021,1,0,,0,0,0,rw_frontier_login_2
10021,2,0,,0,0,0,rw_frontier_login_3
10021,3,0,,0,0,0,rw_frontier_login_4
10021,4,0,,0,0,0,rw_frontier_login_5
10021,5,0,,0,0,0,rw_frontier_login_6
10021,6,0,,0,0,0,rw_frontier_login_7
10021,7,0,,0,0,0,rw_frontier_login_8
10021,8,0,,0,0,0,rw_frontier_login_9
10021,9,0,,0,0,0,rw_frontier_login_10
10022,0,0,,0,0,0,rw_frontier_rank_1
10023,0,0,,0,0,0,rw_frontier_rank_2
10024,0,0,,0,0,0,rw_frontier_rank_3
10025,0,0,,0,0,0,rw_frontier_rank_4
10026,0,0,,0,0,0,rw_frontier_rank_5
10027,0,0,,0,0,0,rw_frontier_rank_6
10028,0,0,,0,0,0,rw_frontier_field_1
10029,0,0,,0,0,0,rw_frontier_field_2
10030,0,0,,0,0,0,rw_frontier_field_3
10031,0,0,,0,0,0,rw_frontier_field_4
10032,0,0,,0,0,0,rw_frontier_field_5
10033,0,0,,0,0,0,rw_frontier_field_6
10034,0,0,,0,0,0,rw_frontier_board_1
10035,0,0,,0,0,0,rw_frontier_board_2
10036,0,0,,0,0,0,rw_frontier_board_3
10037,0,0,,0,0,0,rw_frontier_forge_1
10038,0,0,,0,0,0,rw_frontier_forge_2
10039,0,0,,0,0,0,rw_frontier_forge_3
10040,0,0,,0,0,0,rw_frontier_artifact_1
10041,0,0,,0,0,0,rw_frontier_artifact_2
10042,0,0,,0,0,0,rw_frontier_artifact_3
10043,0,0,,0,0,0,rw_frontier_divine_beast_1
10044,0,0,,0,0,0,rw_frontier_divine_beast_2
10045,0,0,,0,0,0,rw_frontier_divine_beast_3
10046,0,0,,0,0,0,rw_frontier_mileage_1
10047,0,0,,0,0,0,rw_frontier_mileage_2
10048,0,0,,0,0,0,rw_frontier_mileage_3
10049,0,0,,0,0,0,rw_frontier_mileage_4
10050,0,0,,0,0,0,rw_frontier_mileage_5
10051,0,0,,0,0,0,rw_frontier_magic_clock_1
10052,0,0,,0,0,0,rw_frontier_magic_clock_2
10053,0,0,,0,0,0,rw_frontier_magic_clock_3
10054,0,0,,0,0,0,rw_frontier_magic_clock_4
10055,0,0,,0,0,0,rw_frontier_magic_clock_5
10401,0,0,,0,0,0,rw_attendance_1
10401,1,0,,0,0,0,rw_attendance_2
10401,2,0,,0,0,0,rw_attendance_3
10401,3,0,,0,0,0,rw_attendance_4
10401,4,0,,0,0,0,rw_attendance_5
10401,5,0,,0,0,0,rw_attendance_6
10401,6,0,,0,0,0,rw_attendance_7
10501,0,0,,0,0,0,rw_licence_1
10501,1,0,,0,0,0,rw_licence_2
10501,2,0,,0,0,0,rw_licence_3
10501,3,0,,0,0,0,rw_licence_4
10501,4,0,,0,0,0,rw_licence_5
10501,5,0,,0,0,0,rw_licence_6
10501,6,0,,0,0,0,rw_licence_7
10501,7,0,,0,0,0,rw_licence_8
10501,8,0,,0,0,0,rw_licence_9
10501,9,0,,0,0,0,rw_licence_10
10501,10,0,,0,0,0,rw_licence_11
10501,11,0,,0,0,0,rw_licence_12
10501,12,0,,0,0,0,rw_licence_13
10501,13,0,,0,0,0,rw_licence_14
10501,14,0,,0,0,0,rw_licence_15
10501,15,0,,0,0,0,rw_licence_16
10501,16,0,,0,0,0,rw_licence_17
10501,17,0,,0,0,0,rw_licence_18
10501,18,0,,0,0,0,rw_licence_19
10501,19,0,,0,0,0,rw_licence_20
10501,20,0,,0,0,0,rw_licence_21
10501,21,0,,0,0,0,rw_licence_22
10501,22,0,,0,0,0,rw_licence_23
10501,23,0,,0,0,0,rw_licence_24
10501,24,0,,0,0,0,rw_licence_25
10501,25,0,,0,0,0,rw_licence_26
10501,26,0,,0,0,0,rw_licence_27
10501,27,0,,0,0,0,rw_licence_28
10501,28,0,,0,0,0,rw_licence_29
10501,29,0,,0,0,0,rw_licence_30
10501,30,0,,0,0,0,rw_licence_31
10501,31,0,,0,0,0,rw_licence_32
10501,32,0,,0,0,0,rw_licence_33
10501,33,0,,0,0,0,rw_licence_34
10501,34,0,,0,0,0,rw_licence_35
10501,35,0,,0,0,0,rw_licence_36
10501,36,0,,0,0,0,rw_licence_37
10501,37,0,,0,0,0,rw_licence_38
10501,38,0,,0,0,0,rw_licence_39
10501,39,0,,0,0,0,rw_licence_40
10501,40,0,,0,0,0,rw_licence_41
10501,41,0,,0,0,0,rw_licence_42
10501,42,0,,0,0,0,rw_licence_43
10501,43,0,,0,0,0,rw_licence_44
10501,44,0,,0,0,0,rw_licence_45
10501,45,0,,0,0,0,rw_licence_46
10501,46,0,,0,0,0,rw_licence_47
10501,47,0,,0,0,0,rw_licence_48
10501,48,0,,0,0,0,rw_licence_49
10501,49,0,,0,0,0,rw_licence_50
10501,50,0,,0,0,0,rw_licence_51
10501,51,0,,0,0,0,rw_licence_52
10501,52,0,,0,0,0,rw_licence_53
10501,53,0,,0,0,0,rw_licence_54
10501,54,0,,0,0,0,rw_licence_55
10501,55,0,,0,0,0,rw_licence_56
10501,56,0,,0,0,0,rw_licence_57
10501,57,0,,0,0,0,rw_licence_58
10501,58,0,,0,0,0,rw_licence_59
10501,59,0,,0,0,0,rw_licence_60
10501,60,0,,0,0,0,rw_licence_61
10501,61,0,,0,0,0,rw_licence_62
10501,62,0,,0,0,0,rw_licence_63
10501,63,0,,0,0,0,rw_licence_64
10501,64,0,,0,0,0,rw_licence_65
10501,65,0,,0,0,0,rw_licence_66
10501,66,0,,0,0,0,rw_licence_67
10501,67,0,,0,0,0,rw_licence_68
10501,68,0,,0,0,0,rw_licence_69
10501,69,0,,0,0,0,rw_licence_70
10501,70,0,,0,0,0,rw_licence_71
10501,71,0,,0,0,0,rw_licence_72
10501,72,0,,0,0,0,rw_licence_73
10501,73,0,,0,0,0,rw_licence_74
10501,74,0,,0,0,0,rw_licence_75
10501,75,0,,0,0,0,rw_licence_76
10501,76,0,,0,0,0,rw_licence_77
10501,77,0,,0,0,0,rw_licence_78
10501,78,0,,0,0,0,rw_licence_79
10501,79,0,,0,0,0,rw_licence_80
10501,80,0,,0,0,0,rw_licence_81
10501,81,0,,0,0,0,rw_licence_82
10501,82,0,,0,0,0,rw_licence_83
10501,83,0,,0,0,0,rw_licence_84
10501,84,0,,0,0,0,rw_licence_85
10501,85,0,,0,0,0,rw_licence_86
10501,86,0,,0,0,0,rw_licence_87
10501,87,0,,0,0,0,rw_licence_88
10501,88,0,,0,0,0,rw_licence_89
10501,89,0,,0,0,0,rw_licence_90
10501,90,0,,0,0,0,rw_licence_91
10501,91,0,,0,0,0,rw_licence_92
10501,92,0,,0,0,0,rw_licence_93
10501,93,0,,0,0,0,rw_licence_94
10501,94,0,,0,0,0,rw_licence_95
10501,95,0,,0,0,0,rw_licence_96
10501,96,0,,0,0,0,rw_licence_97
10501,97,0,,0,0,0,rw_licence_98
10501,98,0,,0,0,0,rw_licence_99
10501,99,0,,0,0,0,rw_licence_100
10501,100,0,,0,0,0,rw_licence_101
10501,101,0,,0,0,0,rw_licence_102
10501,102,0,,0,0,0,rw_licence_103
10501,103,0,,0,0,0,rw_licence_104
10501,104,0,,0,0,0,rw_licence_105
10501,105,0,,0,0,0,rw_licence_106
10501,106,0,,0,0,0,rw_licence_107
10501,107,0,,0,0,0,rw_licence_108
10501,108,0,,0,0,0,rw_licence_109
10501,109,0,,0,0,0,rw_licence_110
10501,110,0,,0,0,0,rw_licence_111
10501,111,0,,0,0,0,rw_licence_112
10501,112,0,,0,0,0,rw_licence_113
10501,113,0,,0,0,0,rw_licence_114
10502,0,0,,0,0,0,rw_licence_115
10502,1,0,,0,0,0,rw_licence_116
10502,2,0,,0,0,0,rw_licence_117
10502,3,0,,0,0,0,rw_licence_118
10502,4,0,,0,0,0,rw_licence_119
10502,5,0,,0,0,0,rw_licence_120
10502,6,0,,0,0,0,rw_licence_121
10502,7,0,,0,0,0,rw_licence_122
10502,8,0,,0,0,0,rw_licence_123
10502,9,0,,0,0,0,rw_licence_124
10502,10,0,,0,0,0,rw_licence_125
10502,11,0,,0,0,0,rw_licence_126
10502,12,0,,0,0,0,rw_licence_127
10502,13,0,,0,0,0,rw_licence_128
10502,14,0,,0,0,0,rw_licence_129
10502,15,0,,0,0,0,rw_licence_130
10502,16,0,,0,0,0,rw_licence_131
10502,17,0,,0,0,0,rw_licence_132
10502,18,0,,0,0,0,rw_licence_133
10502,19,0,,0,0,0,rw_licence_134
10502,20,0,,0,0,0,rw_licence_135
10502,21,0,,0,0,0,rw_licence_136
10502,22,0,,0,0,0,rw_licence_137
10502,23,0,,0,0,0,rw_licence_138
10502,24,0,,0,0,0,rw_licence_139
10502,25,0,,0,0,0,rw_licence_140
10502,26,0,,0,0,0,rw_licence_141
10502,27,0,,0,0,0,rw_licence_142
10502,28,0,,0,0,0,rw_licence_143
10502,29,0,,0,0,0,rw_licence_144
10502,30,0,,0,0,0,rw_licence_145
10502,31,0,,0,0,0,rw_licence_146
10502,32,0,,0,0,0,rw_licence_147
10502,33,0,,0,0,0,rw_licence_148
10502,34,0,,0,0,0,rw_licence_149
10502,35,0,,0,0,0,rw_licence_150
10502,36,0,,0,0,0,rw_licence_151
10502,37,0,,0,0,0,rw_licence_152
10502,38,0,,0,0,0,rw_licence_153
10502,39,0,,0,0,0,rw_licence_154
10502,40,0,,0,0,0,rw_licence_155
10502,41,0,,0,0,0,rw_licence_156
10502,42,0,,0,0,0,rw_licence_157
10502,43,0,,0,0,0,rw_licence_158
10502,44,0,,0,0,0,rw_licence_159
10502,45,0,,0,0,0,rw_licence_160
10502,46,0,,0,0,0,rw_licence_161
10502,47,0,,0,0,0,rw_licence_162
10502,48,0,,0,0,0,rw_licence_163
10502,49,0,,0,0,0,rw_licence_164
10502,50,0,,0,0,0,rw_licence_165
10502,51,0,,0,0,0,rw_licence_166
10502,52,0,,0,0,0,rw_licence_167
10502,53,0,,0,0,0,rw_licence_168
10502,54,0,,0,0,0,rw_licence_169
10502,55,0,,0,0,0,rw_licence_170
10502,56,0,,0,0,0,rw_licence_171
10502,57,0,,0,0,0,rw_licence_172
10502,58,0,,0,0,0,rw_licence_173
10502,59,0,,0,0,0,rw_licence_174
10502,60,0,,0,0,0,rw_licence_175
10502,61,0,,0,0,0,rw_licence_176
10502,62,0,,0,0,0,rw_licence_177
10502,63,0,,0,0,0,rw_licence_178
10502,64,0,,0,0,0,rw_licence_179
10502,65,0,,0,0,0,rw_licence_180
10502,66,0,,0,0,0,rw_licence_181
10502,67,0,,0,0,0,rw_licence_182
10502,68,0,,0,0,0,rw_licence_183
10502,69,0,,0,0,0,rw_licence_184
10502,70,0,,0,0,0,rw_licence_185
10502,71,0,,0,0,0,rw_licence_186
10502,72,0,,0,0,0,rw_licence_187
10502,73,0,,0,0,0,rw_licence_188
10502,74,0,,0,0,0,rw_licence_189
10502,75,0,,0,0,0,rw_licence_190
10503,0,0,,0,0,0,rw_dive_rank_2
10503,1,0,,0,0,0,rw_dive_rank_3
10503,2,0,,0,0,0,rw_dive_rank_4
10503,3,0,,0,0,0,rw_dive_rank_5
10503,4,0,,0,0,0,rw_dive_rank_6
10503,5,0,,0,0,0,rw_dive_rank_7
10503,6,0,,0,0,0,rw_dive_rank_8
10503,7,0,,0,0,0,rw_dive_rank_9
10503,8,0,,0,0,0,rw_dive_rank_10
10503,9,0,,0,0,0,rw_dive_rank_11
10503,10,0,,0,0,0,rw_dive_rank_12
10503,11,0,,0,0,0,rw_dive_rank_13
10503,12,0,,0,0,0,rw_dive_rank_14
10503,13,0,,0,0,0,rw_dive_rank_15
10503,14,0,,0,0,0,rw_dive_rank_16
10503,15,0,,0,0,0,rw_dive_rank_17
10503,16,0,,0,0,0,rw_dive_rank_18
10503,17,0,,0,0,0,rw_dive_rank_19
10503,18,0,,0,0,0,rw_dive_rank_20
10504,0,0,,0,0,0,rw_dive_dmg_2
10504,1,0,,0,0,0,rw_dive_dmg_3
10504,2,0,,0,0,0,rw_dive_dmg_4
10504,3,0,,0,0,0,rw_dive_dmg_5
10504,4,0,,0,0,0,rw_dive_dmg_6
10504,5,0,,0,0,0,rw_dive_dmg_7
10504,6,0,,0,0,0,rw_dive_dmg_8
10504,7,0,,0,0,0,rw_dive_dmg_9
10504,8,0,,0,0,0,rw_dive_dmg_10
10504,9,0,,0,0,0,rw_dive_dmg_11
10504,10,0,,0,0,0,rw_dive_dmg_12
10504,11,0,,0,0,0,rw_dive_dmg_13
10504,12,0,,0,0,0,rw_dive_dmg_14
10504,13,0,,0,0,0,rw_dive_dmg_15
10504,14,0,,0,0,0,rw_dive_dmg_16
10504,15,0,,0,0,0,rw_dive_dmg_17
10504,16,0,,0,0,0,rw_dive_dmg_18
10504,17,0,,0,0,0,rw_dive_dmg_19
10504,18,0,,0,0,0,rw_dive_dmg_20
10505,0,0,,0,0,0,rw_dive_gold_2
10505,1,0,,0,0,0,rw_dive_gold_3
10505,2,0,,0,0,0,rw_dive_gold_4
10505,3,0,,0,0,0,rw_dive_gold_5
10505,4,0,,0,0,0,rw_dive_gold_6
10505,5,0,,0,0,0,rw_dive_gold_7
10505,6,0,,0,0,0,rw_dive_gold_8
10505,7,0,,0,0,0,rw_dive_gold_9
10505,8,0,,0,0,0,rw_dive_gold_10
10505,9,0,,0,0,0,rw_dive_gold_11
10505,10,0,,0,0,0,rw_dive_gold_12
10505,11,0,,0,0,0,rw_dive_gold_13
10505,12,0,,0,0,0,rw_dive_gold_14
10505,13,0,,0,0,0,rw_dive_gold_15
10505,14,0,,0,0,0,rw_dive_gold_16
10505,15,0,,0,0,0,rw_dive_gold_17
10505,16,0,,0,0,0,rw_dive_gold_18
10505,17,0,,0,0,0,rw_dive_gold_19
10505,18,0,,0,0,0,rw_dive_gold_20
10506,0,0,,0,0,0,rw_dive_power_2
10506,1,0,,0,0,0,rw_dive_power_3
10506,2,0,,0,0,0,rw_dive_power_4
10506,3,0,,0,0,0,rw_dive_power_5
10506,4,0,,0,0,0,rw_dive_power_6
10506,5,0,,0,0,0,rw_dive_power_7
10506,6,0,,0,0,0,rw_dive_power_8
10506,7,0,,0,0,0,rw_dive_power_9
10506,8,0,,0,0,0,rw_dive_power_10
10506,9,0,,0,0,0,rw_dive_power_11
10506,10,0,,0,0,0,rw_dive_power_12
10506,11,0,,0,0,0,rw_dive_power_13
10506,12,0,,0,0,0,rw_dive_power_14
10506,13,0,,0,0,0,rw_dive_power_15
10506,14,0,,0,0,0,rw_dive_power_16
10506,15,0,,0,0,0,rw_dive_power_17
10506,16,0,,0,0,0,rw_dive_power_18
10506,17,0,,0,0,0,rw_dive_power_19
10506,18,0,,0,0,0,rw_dive_power_20
10507,0,0,,0,0,0,rw_dive_soul_2
10507,1,0,,0,0,0,rw_dive_soul_3
10507,2,0,,0,0,0,rw_dive_soul_4
10507,3,0,,0,0,0,rw_dive_soul_5
10507,4,0,,0,0,0,rw_dive_soul_6
10507,5,0,,0,0,0,rw_dive_soul_7
10507,6,0,,0,0,0,rw_dive_soul_8
10507,7,0,,0,0,0,rw_dive_soul_9
10507,8,0,,0,0,0,rw_dive_soul_10
10507,9,0,,0,0,0,rw_dive_soul_11
10507,10,0,,0,0,0,rw_dive_soul_12
10507,11,0,,0,0,0,rw_dive_soul_13
10507,12,0,,0,0,0,rw_dive_soul_14
10507,13,0,,0,0,0,rw_dive_soul_15
10507,14,0,,0,0,0,rw_dive_soul_16
10507,15,0,,0,0,0,rw_dive_soul_17
10507,16,0,,0,0,0,rw_dive_soul_18
10507,17,0,,0,0,0,rw_dive_soul_19
10507,18,0,,0,0,0,rw_dive_soul_20
10508,0,0,,0,0,0,rw_dive_science_point_2
10508,1,0,,0,0,0,rw_dive_science_point_3
10508,2,0,,0,0,0,rw_dive_science_point_4
10508,3,0,,0,0,0,rw_dive_science_point_5
10508,4,0,,0,0,0,rw_dive_science_point_6
10508,5,0,,0,0,0,rw_dive_science_point_7
10508,6,0,,0,0,0,rw_dive_science_point_8
10508,7,0,,0,0,0,rw_dive_science_point_9
10508,8,0,,0,0,0,rw_dive_science_point_10
10508,9,0,,0,0,0,rw_dive_science_point_11
10508,10,0,,0,0,0,rw_dive_science_point_12
10508,11,0,,0,0,0,rw_dive_science_point_13
10508,12,0,,0,0,0,rw_dive_science_point_14
10508,13,0,,0,0,0,rw_dive_science_point_15
10508,14,0,,0,0,0,rw_dive_science_point_16
10508,15,0,,0,0,0,rw_dive_science_point_17
10508,16,0,,0,0,0,rw_dive_science_point_18
10508,17,0,,0,0,0,rw_dive_science_point_19
10508,18,0,,0,0,0,rw_dive_science_point_20
10509,0,0,,0,0,0,rw_dive_dstone_2
10509,1,0,,0,0,0,rw_dive_dstone_3
10509,2,0,,0,0,0,rw_dive_dstone_4
10509,3,0,,0,0,0,rw_dive_dstone_5
10509,4,0,,0,0,0,rw_dive_dstone_6
10509,5,0,,0,0,0,rw_dive_dstone_7
10509,6,0,,0,0,0,rw_dive_dstone_8
10509,7,0,,0,0,0,rw_dive_dstone_9
10509,8,0,,0,0,0,rw_dive_dstone_10
10509,9,0,,0,0,0,rw_dive_dstone_11
10509,10,0,,0,0,0,rw_dive_dstone_12
10509,11,0,,0,0,0,rw_dive_dstone_13
10509,12,0,,0,0,0,rw_dive_dstone_14
10509,13,0,,0,0,0,rw_dive_dstone_15
10509,14,0,,0,0,0,rw_dive_dstone_16
10509,15,0,,0,0,0,rw_dive_dstone_17
10509,16,0,,0,0,0,rw_dive_dstone_18
10509,17,0,,0,0,0,rw_dive_dstone_19
10509,18,0,,0,0,0,rw_dive_dstone_20
10510,0,0,,0,0,0,rw_dive_rank_2
10510,1,0,,0,0,0,rw_dive_rank_3
10510,2,0,,0,0,0,rw_dive_rank_4
10510,3,0,,0,0,0,rw_dive_rank_5
10510,4,0,,0,0,0,rw_dive_rank_6
10510,5,0,,0,0,0,rw_dive_rank_7
10510,6,0,,0,0,0,rw_dive_rank_8
10510,7,0,,0,0,0,rw_dive_rank_9
10510,8,0,,0,0,0,rw_dive_rank_10
10510,9,0,,0,0,0,rw_dive_rank_11
10510,10,0,,0,0,0,rw_dive_rank_12
10510,11,0,,0,0,0,rw_dive_rank_13
10510,12,0,,0,0,0,rw_dive_rank_14
10510,13,0,,0,0,0,rw_dive_rank_15
10510,14,0,,0,0,0,rw_dive_rank_16
10510,15,0,,0,0,0,rw_dive_rank_17
10510,16,0,,0,0,0,rw_dive_rank_18
10510,17,0,,0,0,0,rw_dive_rank_19
10510,18,0,,0,0,0,rw_dive_rank_20
10510,19,0,,0,0,0,rw_dive_rank_21
10510,20,0,,0,0,0,rw_dive_rank_22
10510,21,0,,0,0,0,rw_dive_rank_23
10510,22,0,,0,0,0,rw_dive_rank_24
10510,23,0,,0,0,0,rw_dive_rank_25
10510,24,0,,0,0,0,rw_dive_rank_26
10510,25,0,,0,0,0,rw_dive_rank_27
10510,26,0,,0,0,0,rw_dive_rank_28
10510,27,0,,0,0,0,rw_dive_rank_29
10510,28,0,,0,0,0,rw_dive_rank_30
10511,0,0,,0,0,0,rw_dive_dmg_2
10511,1,0,,0,0,0,rw_dive_dmg_3
10511,2,0,,0,0,0,rw_dive_dmg_4
10511,3,0,,0,0,0,rw_dive_dmg_5
10511,4,0,,0,0,0,rw_dive_dmg_6
10511,5,0,,0,0,0,rw_dive_dmg_7
10511,6,0,,0,0,0,rw_dive_dmg_8
10511,7,0,,0,0,0,rw_dive_dmg_9
10511,8,0,,0,0,0,rw_dive_dmg_10
10511,9,0,,0,0,0,rw_dive_dmg_11
10511,10,0,,0,0,0,rw_dive_dmg_12
10511,11,0,,0,0,0,rw_dive_dmg_13
10511,12,0,,0,0,0,rw_dive_dmg_14
10511,13,0,,0,0,0,rw_dive_dmg_15
10511,14,0,,0,0,0,rw_dive_dmg_16
10511,15,0,,0,0,0,rw_dive_dmg_17
10511,16,0,,0,0,0,rw_dive_dmg_18
10511,17,0,,0,0,0,rw_dive_dmg_19
10511,18,0,,0,0,0,rw_dive_dmg_20
10511,19,0,,0,0,0,rw_dive_dmg_21
10511,20,0,,0,0,0,rw_dive_dmg_22
10511,21,0,,0,0,0,rw_dive_dmg_23
10511,22,0,,0,0,0,rw_dive_dmg_24
10511,23,0,,0,0,0,rw_dive_dmg_25
10511,24,0,,0,0,0,rw_dive_dmg_26
10511,25,0,,0,0,0,rw_dive_dmg_27
10511,26,0,,0,0,0,rw_dive_dmg_28
10511,27,0,,0,0,0,rw_dive_dmg_29
10511,28,0,,0,0,0,rw_dive_dmg_30
10512,0,0,,0,0,0,rw_dive_gold_2
10512,1,0,,0,0,0,rw_dive_gold_3
10512,2,0,,0,0,0,rw_dive_gold_4
10512,3,0,,0,0,0,rw_dive_gold_5
10512,4,0,,0,0,0,rw_dive_gold_6
10512,5,0,,0,0,0,rw_dive_gold_7
10512,6,0,,0,0,0,rw_dive_gold_8
10512,7,0,,0,0,0,rw_dive_gold_9
10512,8,0,,0,0,0,rw_dive_gold_10
10512,9,0,,0,0,0,rw_dive_gold_11
10512,10,0,,0,0,0,rw_dive_gold_12
10512,11,0,,0,0,0,rw_dive_gold_13
10512,12,0,,0,0,0,rw_dive_gold_14
10512,13,0,,0,0,0,rw_dive_gold_15
10512,14,0,,0,0,0,rw_dive_gold_16
10512,15,0,,0,0,0,rw_dive_gold_17
10512,16,0,,0,0,0,rw_dive_gold_18
10512,17,0,,0,0,0,rw_dive_gold_19
10512,18,0,,0,0,0,rw_dive_gold_20
10512,19,0,,0,0,0,rw_dive_gold_21
10512,20,0,,0,0,0,rw_dive_gold_22
10512,21,0,,0,0,0,rw_dive_gold_23
10512,22,0,,0,0,0,rw_dive_gold_24
10512,23,0,,0,0,0,rw_dive_gold_25
10512,24,0,,0,0,0,rw_dive_gold_26
10512,25,0,,0,0,0,rw_dive_gold_27
10512,26,0,,0,0,0,rw_dive_gold_28
10512,27,0,,0,0,0,rw_dive_gold_29
10512,28,0,,0,0,0,rw_dive_gold_30
10513,0,0,,0,0,0,rw_dive_power_2
10513,1,0,,0,0,0,rw_dive_power_3
10513,2,0,,0,0,0,rw_dive_power_4
10513,3,0,,0,0,0,rw_dive_power_5
10513,4,0,,0,0,0,rw_dive_power_6
10513,5,0,,0,0,0,rw_dive_power_7
10513,6,0,,0,0,0,rw_dive_power_8
10513,7,0,,0,0,0,rw_dive_power_9
10513,8,0,,0,0,0,rw_dive_power_10
10513,9,0,,0,0,0,rw_dive_power_11
10513,10,0,,0,0,0,rw_dive_power_12
10513,11,0,,0,0,0,rw_dive_power_13
10513,12,0,,0,0,0,rw_dive_power_14
10513,13,0,,0,0,0,rw_dive_power_15
10513,14,0,,0,0,0,rw_dive_power_16
10513,15,0,,0,0,0,rw_dive_power_17
10513,16,0,,0,0,0,rw_dive_power_18
10513,17,0,,0,0,0,rw_dive_power_19
10513,18,0,,0,0,0,rw_dive_power_20
10513,19,0,,0,0,0,rw_dive_power_21
10513,20,0,,0,0,0,rw_dive_power_22
10513,21,0,,0,0,0,rw_dive_power_23
10513,22,0,,0,0,0,rw_dive_power_24
10513,23,0,,0,0,0,rw_dive_power_25
10513,24,0,,0,0,0,rw_dive_power_26
10513,25,0,,0,0,0,rw_dive_power_27
10513,26,0,,0,0,0,rw_dive_power_28
10513,27,0,,0,0,0,rw_dive_power_29
10513,28,0,,0,0,0,rw_dive_power_30
10514,0,0,,0,0,0,rw_dive_soul_2
10514,1,0,,0,0,0,rw_dive_soul_3
10514,2,0,,0,0,0,rw_dive_soul_4
10514,3,0,,0,0,0,rw_dive_soul_5
10514,4,0,,0,0,0,rw_dive_soul_6
10514,5,0,,0,0,0,rw_dive_soul_7
10514,6,0,,0,0,0,rw_dive_soul_8
10514,7,0,,0,0,0,rw_dive_soul_9
10514,8,0,,0,0,0,rw_dive_soul_10
10514,9,0,,0,0,0,rw_dive_soul_11
10514,10,0,,0,0,0,rw_dive_soul_12
10514,11,0,,0,0,0,rw_dive_soul_13
10514,12,0,,0,0,0,rw_dive_soul_14
10514,13,0,,0,0,0,rw_dive_soul_15
10514,14,0,,0,0,0,rw_dive_soul_16
10514,15,0,,0,0,0,rw_dive_soul_17
10514,16,0,,0,0,0,rw_dive_soul_18
10514,17,0,,0,0,0,rw_dive_soul_19
10514,18,0,,0,0,0,rw_dive_soul_20
10514,19,0,,0,0,0,rw_dive_soul_21
10514,20,0,,0,0,0,rw_dive_soul_22
10514,21,0,,0,0,0,rw_dive_soul_23
10514,22,0,,0,0,0,rw_dive_soul_24
10514,23,0,,0,0,0,rw_dive_soul_25
10514,24,0,,0,0,0,rw_dive_soul_26
10514,25,0,,0,0,0,rw_dive_soul_27
10514,26,0,,0,0,0,rw_dive_soul_28
10514,27,0,,0,0,0,rw_dive_soul_29
10514,28,0,,0,0,0,rw_dive_soul_30
10515,0,0,,0,0,0,rw_dive_science_point_2
10515,1,0,,0,0,0,rw_dive_science_point_3
10515,2,0,,0,0,0,rw_dive_science_point_4
10515,3,0,,0,0,0,rw_dive_science_point_5
10515,4,0,,0,0,0,rw_dive_science_point_6
10515,5,0,,0,0,0,rw_dive_science_point_7
10515,6,0,,0,0,0,rw_dive_science_point_8
10515,7,0,,0,0,0,rw_dive_science_point_9
10515,8,0,,0,0,0,rw_dive_science_point_10
10515,9,0,,0,0,0,rw_dive_science_point_11
10515,10,0,,0,0,0,rw_dive_science_point_12
10515,11,0,,0,0,0,rw_dive_science_point_13
10515,12,0,,0,0,0,rw_dive_science_point_14
10515,13,0,,0,0,0,rw_dive_science_point_15
10515,14,0,,0,0,0,rw_dive_science_point_16
10515,15,0,,0,0,0,rw_dive_science_point_17
10515,16,0,,0,0,0,rw_dive_science_point_18
10515,17,0,,0,0,0,rw_dive_science_point_19
10515,18,0,,0,0,0,rw_dive_science_point_20
10515,19,0,,0,0,0,rw_dive_science_point_21
10515,20,0,,0,0,0,rw_dive_science_point_22
10515,21,0,,0,0,0,rw_dive_science_point_23
10515,22,0,,0,0,0,rw_dive_science_point_24
10515,23,0,,0,0,0,rw_dive_science_point_25
10515,24,0,,0,0,0,rw_dive_science_point_26
10515,25,0,,0,0,0,rw_dive_science_point_27
10515,26,0,,0,0,0,rw_dive_science_point_28
10515,27,0,,0,0,0,rw_dive_science_point_29
10515,28,0,,0,0,0,rw_dive_science_point_30
10516,0,0,,0,0,0,rw_dive_dstone_2
10516,1,0,,0,0,0,rw_dive_dstone_3
10516,2,0,,0,0,0,rw_dive_dstone_4
10516,3,0,,0,0,0,rw_dive_dstone_5
10516,4,0,,0,0,0,rw_dive_dstone_6
10516,5,0,,0,0,0,rw_dive_dstone_7
10516,6,0,,0,0,0,rw_dive_dstone_8
10516,7,0,,0,0,0,rw_dive_dstone_9
10516,8,0,,0,0,0,rw_dive_dstone_10
10516,9,0,,0,0,0,rw_dive_dstone_11
10516,10,0,,0,0,0,rw_dive_dstone_12
10516,11,0,,0,0,0,rw_dive_dstone_13
10516,12,0,,0,0,0,rw_dive_dstone_14
10516,13,0,,0,0,0,rw_dive_dstone_15
10516,14,0,,0,0,0,rw_dive_dstone_16
10516,15,0,,0,0,0,rw_dive_dstone_17
10516,16,0,,0,0,0,rw_dive_dstone_18
10516,17,0,,0,0,0,rw_dive_dstone_19
10516,18,0,,0,0,0,rw_dive_dstone_20
10516,19,0,,0,0,0,rw_dive_dstone_21
10516,20,0,,0,0,0,rw_dive_dstone_22
10516,21,0,,0,0,0,rw_dive_dstone_23
10516,22,0,,0,0,0,rw_dive_dstone_24
10516,23,0,,0,0,0,rw_dive_dstone_25
10516,24,0,,0,0,0,rw_dive_dstone_26
10516,25,0,,0,0,0,rw_dive_dstone_27
10516,26,0,,0,0,0,rw_dive_dstone_28
10516,27,0,,0,0,0,rw_dive_dstone_29
10516,28,0,,0,0,0,rw_dive_dstone_30
10601,0,0,,0,0,0,rw_tombstone_of_sage_truth_seed
10601,1,0,,0,0,0,rw_tombstone_of_sage_truth_seed
10601,2,0,,0,0,0,rw_tombstone_of_sage_truth_seed
10601,3,0,,0,0,0,rw_tombstone_of_sage_truth_seed
10601,4,0,,0,0,0,rw_tombstone_of_sage_truth_seed
10601,5,0,,0,0,0,rw_tombstone_of_sage_truth_seed
10601,6,0,,0,0,0,rw_tombstone_of_sage_truth_seed
10601,7,0,,0,0,0,rw_tombstone_of_sage_truth_seed
10601,8,0,,0,0,0,rw_tombstone_of_sage_truth_seed
10601,9,0,,0,0,0,rw_tombstone_of_sage_truth_seed
10601,10,0,,0,0,0,rw_tombstone_of_sage_truth_seed
10601,11,0,,0,0,0,rw_tombstone_of_sage_truth_seed
10601,12,0,,0,0,0,rw_tombstone_of_sage_truth_seed
10601,13,0,,0,0,0,rw_tombstone_of_sage_truth_seed
10601,14,0,,0,0,0,rw_tombstone_of_sage_truth_seed
10601,15,0,,0,0,0,rw_tombstone_of_sage_truth_seed
10601,16,0,,0,0,0,rw_tombstone_of_sage_truth_seed
10601,17,0,,0,0,0,rw_tombstone_of_sage_truth_seed
10601,18,0,,0,0,0,rw_tombstone_of_sage_truth_seed
10601,19,0,,0,0,0,rw_tombstone_of_sage_truth_seed
10601,20,0,,0,0,0,rw_tombstone_of_sage_truth_seed
10601,21,0,,0,0,0,rw_tombstone_of_sage_truth_seed
10601,22,0,,0,0,0,rw_tombstone_of_sage_truth_seed
10601,23,0,,0,0,0,rw_tombstone_of_sage_truth_seed
10601,24,0,,0,0,0,rw_tombstone_of_sage_truth_seed
10601,25,0,,0,0,0,rw_tombstone_of_sage_truth_seed
10601,26,0,,0,0,0,rw_tombstone_of_sage_truth_seed
10601,27,0,,0,0,0,rw_tombstone_of_sage_truth_seed
10601,28,0,,0,0,0,rw_tombstone_of_sage_truth_seed
10601,29,0,,0,0,0,rw_tombstone_of_sage_truth_seed
10601,30,0,,0,0,0,rw_tombstone_of_sage_truth_seed
10601,31,0,,0,0,0,rw_tombstone_of_sage_truth_seed
10601,32,0,,0,0,0,rw_tombstone_of_sage_truth_seed
10601,33,0,,0,0,0,rw_tombstone_of_sage_truth_seed
10601,34,0,,0,0,0,rw_tombstone_of_sage_truth_seed
10601,35,0,,0,0,0,rw_tombstone_of_sage_truth_seed
10601,36,0,,0,0,0,rw_tombstone_of_sage_truth_seed
10601,37,0,,0,0,0,rw_tombstone_of_sage_truth_seed
10601,38,0,,0,0,0,rw_tombstone_of_sage_truth_seed
10601,39,0,,0,0,0,rw_tombstone_of_sage_truth_seed
10601,40,0,,0,0,0,rw_tombstone_of_sage_truth_seed
10601,41,0,,0,0,0,rw_tombstone_of_sage_truth_seed
10601,42,0,,0,0,0,rw_tombstone_of_sage_truth_seed
10601,43,0,,0,0,0,rw_tombstone_of_sage_truth_seed
10601,44,0,,0,0,0,rw_tombstone_of_sage_truth_seed
10601,45,0,,0,0,0,rw_tombstone_of_sage_truth_seed
10601,46,0,,0,0,0,rw_tombstone_of_sage_truth_seed
10601,47,0,,0,0,0,rw_tombstone_of_sage_truth_seed
10601,48,0,,0,0,0,rw_tombstone_of_sage_truth_seed
10601,49,0,,0,0,0,rw_tombstone_of_sage_truth_seed
10601,50,0,,0,0,0,rw_tombstone_of_sage_truth_seed
10601,51,0,,0,0,0,rw_tombstone_of_sage_truth_seed
10601,52,0,,0,0,0,rw_tombstone_of_sage_truth_seed
10601,53,0,,0,0,0,rw_tombstone_of_sage_truth_seed
10601,54,0,,0,0,0,rw_tombstone_of_sage_truth_seed
10602,0,0,,0,0,0,rw_tombstone_of_sage_truth_seed
10602,1,0,,0,0,0,rw_tombstone_of_sage_truth_seed
10602,2,0,,0,0,0,rw_tombstone_of_sage_truth_seed
10602,3,0,,0,0,0,rw_tombstone_of_sage_truth_seed
10602,4,0,,0,0,0,rw_tombstone_of_sage_truth_seed
10602,5,0,,0,0,0,rw_tombstone_of_sage_truth_seed
10602,6,0,,0,0,0,rw_tombstone_of_sage_truth_seed
10602,7,0,,0,0,0,rw_tombstone_of_sage_truth_seed
10602,8,0,,0,0,0,rw_tombstone_of_sage_truth_seed
10602,9,0,,0,0,0,rw_tombstone_of_sage_truth_seed
10602,10,0,,0,0,0,rw_tombstone_of_sage_truth_seed
10602,11,0,,0,0,0,rw_tombstone_of_sage_truth_seed
10602,12,0,,0,0,0,rw_tombstone_of_sage_truth_seed
10602,13,0,,0,0,0,rw_tombstone_of_sage_truth_seed
10602,14,0,,0,0,0,rw_tombstone_of_sage_truth_seed
10603,0,0,,0,0,0,rw_tombstone_of_sage_truth_seed
10603,1,0,,0,0,0,rw_tombstone_of_sage_truth_seed
10603,2,0,,0,0,0,rw_tombstone_of_sage_truth_seed
10603,3,0,,0,0,0,rw_tombstone_of_sage_truth_seed
10603,4,0,,0,0,0,rw_tombstone_of_sage_truth_seed
10603,5,0,,0,0,0,rw_tombstone_of_sage_truth_seed
10603,6,0,,0,0,0,rw_tombstone_of_sage_truth_seed
10603,7,0,,0,0,0,rw_tombstone_of_sage_truth_seed
10603,8,0,,0,0,0,rw_tombstone_of_sage_truth_seed
10603,9,0,,0,0,0,rw_tombstone_of_sage_truth_seed
10603,10,0,,0,0,0,rw_tombstone_of_sage_truth_seed
10603,11,0,,0,0,0,rw_tombstone_of_sage_truth_seed
10603,12,0,,0,0,0,rw_tombstone_of_sage_truth_seed
10603,13,0,,0,0,0,rw_tombstone_of_sage_truth_seed
10604,0,0,,0,0,0,rw_tombstone_of_sage_truth_seed
10604,1,0,,0,0,0,rw_tombstone_of_sage_truth_seed
10604,2,0,,0,0,0,rw_tombstone_of_sage_truth_seed
10604,3,0,,0,0,0,rw_tombstone_of_sage_truth_seed
10604,4,0,,0,0,0,rw_tombstone_of_sage_truth_seed
10604,5,0,,0,0,0,rw_tombstone_of_sage_truth_seed
10604,6,0,,0,0,0,rw_tombstone_of_sage_truth_seed
10604,7,0,,0,0,0,rw_tombstone_of_sage_truth_seed
10604,8,0,,0,0,0,rw_tombstone_of_sage_truth_seed
10604,9,0,,0,0,0,rw_tombstone_of_sage_truth_seed
10604,10,0,,0,0,0,rw_tombstone_of_sage_truth_seed
10604,11,0,,0,0,0,rw_tombstone_of_sage_truth_seed
10604,12,0,,0,0,0,rw_tombstone_of_sage_truth_seed
10604,13,0,,0,0,0,rw_tombstone_of_sage_truth_seed
10605,0,0,,0,0,0,rw_tombstone_of_sage_truth_seed
10605,1,0,,0,0,0,rw_tombstone_of_sage_truth_seed
10605,2,0,,0,0,0,rw_tombstone_of_sage_truth_seed
10605,3,0,,0,0,0,rw_tombstone_of_sage_truth_seed
10605,4,0,,0,0,0,rw_tombstone_of_sage_truth_seed
10605,5,0,,0,0,0,rw_tombstone_of_sage_truth_seed
10605,6,0,,0,0,0,rw_tombstone_of_sage_truth_seed
10605,7,0,,0,0,0,rw_tombstone_of_sage_truth_seed
10605,8,0,,0,0,0,rw_tombstone_of_sage_truth_seed
10605,9,0,,0,0,0,rw_tombstone_of_sage_truth_seed
10605,10,0,,0,0,0,rw_tombstone_of_sage_truth_seed
10605,11,0,,0,0,0,rw_tombstone_of_sage_truth_seed
10605,12,0,,0,0,0,rw_tombstone_of_sage_truth_seed
10605,13,0,,0,0,0,rw_tombstone_of_sage_truth_seed
10605,14,0,,0,0,0,rw_tombstone_of_sage_truth_seed
10605,15,0,,0,0,0,rw_tombstone_of_sage_truth_seed
10605,16,0,,0,0,0,rw_tombstone_of_sage_truth_seed
10605,17,0,,0,0,0,rw_tombstone_of_sage_truth_seed
10605,18,0,,0,0,0,rw_tombstone_of_sage_truth_seed
10605,19,0,,0,0,0,rw_tombstone_of_sage_truth_seed
10605,20,0,,0,0,0,rw_tombstone_of_sage_truth_seed
10605,21,0,,0,0,0,rw_tombstone_of_sage_truth_seed
10605,22,0,,0,0,0,rw_tombstone_of_sage_truth_seed
10606,0,0,,0,0,0,rw_tombstone_of_sage_truth_seed
10606,1,0,,0,0,0,rw_tombstone_of_sage_truth_seed
10606,2,0,,0,0,0,rw_tombstone_of_sage_truth_seed
10606,3,0,,0,0,0,rw_tombstone_of_sage_truth_seed
10606,4,0,,0,0,0,rw_tombstone_of_sage_truth_seed
10606,5,0,,0,0,0,rw_tombstone_of_sage_truth_seed
10606,6,0,,0,0,0,rw_tombstone_of_sage_truth_seed
10606,7,0,,0,0,0,rw_tombstone_of_sage_truth_seed
10606,8,0,,0,0,0,rw_tombstone_of_sage_truth_seed
10606,9,0,,0,0,0,rw_tombstone_of_sage_truth_seed
10606,10,0,,0,0,0,rw_tombstone_of_sage_truth_seed
10606,11,0,,0,0,0,rw_tombstone_of_sage_truth_seed
10606,12,0,,0,0,0,rw_tombstone_of_sage_truth_seed
10606,13,0,,0,0,0,rw_tombstone_of_sage_truth_seed
10606,14,0,,0,0,0,rw_tombstone_of_sage_truth_seed
10606,15,0,,0,0,0,rw_tombstone_of_sage_truth_seed
10606,16,0,,0,0,0,rw_tombstone_of_sage_truth_seed
10606,17,0,,0,0,0,rw_tombstone_of_sage_truth_seed
10606,18,0,,0,0,0,rw_tombstone_of_sage_truth_seed
10607,0,0,,0,0,0,rw_tombstone_of_sage_truth_seed
10607,1,0,,0,0,0,rw_tombstone_of_sage_truth_seed
10607,2,0,,0,0,0,rw_tombstone_of_sage_truth_seed
10607,3,0,,0,0,0,rw_tombstone_of_sage_truth_seed
10607,4,0,,0,0,0,rw_tombstone_of_sage_truth_seed
10607,5,0,,0,0,0,rw_tombstone_of_sage_truth_seed
10607,6,0,,0,0,0,rw_tombstone_of_sage_truth_seed
10607,7,0,,0,0,0,rw_tombstone_of_sage_truth_seed
10607,8,0,,0,0,0,rw_tombstone_of_sage_truth_seed
10607,9,0,,0,0,0,rw_tombstone_of_sage_truth_seed
10607,10,0,,0,0,0,rw_tombstone_of_sage_truth_seed
10607,11,0,,0,0,0,rw_tombstone_of_sage_truth_seed
10607,12,0,,0,0,0,rw_tombstone_of_sage_truth_seed
10607,13,0,,0,0,0,rw_tombstone_of_sage_truth_seed
10607,14,0,,0,0,0,rw_tombstone_of_sage_truth_seed
10608,0,0,,0,0,0,rw_tombstone_of_sage_truth_seed
10608,1,0,,0,0,0,rw_tombstone_of_sage_truth_seed
10608,2,0,,0,0,0,rw_tombstone_of_sage_truth_seed
10608,3,0,,0,0,0,rw_tombstone_of_sage_truth_seed
10608,4,0,,0,0,0,rw_tombstone_of_sage_truth_seed
10608,5,0,,0,0,0,rw_tombstone_of_sage_truth_seed
10608,6,0,,0,0,0,rw_tombstone_of_sage_truth_seed
10608,7,0,,0,0,0,rw_tombstone_of_sage_truth_seed
10608,8,0,,0,0,0,rw_tombstone_of_sage_truth_seed
10608,9,0,,0,0,0,rw_tombstone_of_sage_truth_seed
10608,10,0,,0,0,0,rw_tombstone_of_sage_truth_seed
10608,11,0,,0,0,0,rw_tombstone_of_sage_truth_seed
10608,12,0,,0,0,0,rw_tombstone_of_sage_truth_seed
10608,13,0,,0,0,0,rw_tombstone_of_sage_truth_seed
10608,14,0,,0,0,0,rw_tombstone_of_sage_truth_seed
10609,0,0,,0,0,0,rw_tombstone_of_sage_truth_seed
10609,1,0,,0,0,0,rw_tombstone_of_sage_truth_seed
10609,2,0,,0,0,0,rw_tombstone_of_sage_truth_seed
10609,3,0,,0,0,0,rw_tombstone_of_sage_truth_seed
10609,4,0,,0,0,0,rw_tombstone_of_sage_truth_seed
10609,5,0,,0,0,0,rw_tombstone_of_sage_truth_seed
10609,6,0,,0,0,0,rw_tombstone_of_sage_truth_seed
10609,7,0,,0,0,0,rw_tombstone_of_sage_truth_seed
10609,8,0,,0,0,0,rw_tombstone_of_sage_truth_seed
10609,9,0,,0,0,0,rw_tombstone_of_sage_truth_seed
10610,0,0,,0,0,0,rw_tombstone_of_sage_truth_seed
10610,1,0,,0,0,0,rw_tombstone_of_sage_truth_seed
10610,2,0,,0,0,0,rw_tombstone_of_sage_truth_seed
10610,3,0,,0,0,0,rw_tombstone_of_sage_truth_seed
10610,4,0,,0,0,0,rw_tombstone_of_sage_truth_seed
10610,5,0,,0,0,0,rw_tombstone_of_sage_truth_seed
10611,0,0,,0,0,0,rw_tombstone_of_sage_truth_seed
10611,1,0,,0,0,0,rw_tombstone_of_sage_truth_seed
10611,2,0,,0,0,0,rw_tombstone_of_sage_truth_seed
10611,3,0,,0,0,0,rw_tombstone_of_sage_truth_seed
10611,4,0,,0,0,0,rw_tombstone_of_sage_truth_seed
10611,5,0,,0,0,0,rw_tombstone_of_sage_truth_seed
10612,0,0,,0,0,0,rw_tombstone_of_sage_truth_seed
10612,1,0,,0,0,0,rw_tombstone_of_sage_truth_seed
10612,2,0,,0,0,0,rw_tombstone_of_sage_truth_seed
10612,3,0,,0,0,0,rw_tombstone_of_sage_truth_seed
10612,4,0,,0,0,0,rw_tombstone_of_sage_truth_seed
10612,5,0,,0,0,0,rw_tombstone_of_sage_truth_seed
10612,6,0,,0,0,0,rw_tombstone_of_sage_truth_seed
10612,7,0,,0,0,0,rw_tombstone_of_sage_truth_seed
10612,8,0,,0,0,0,rw_tombstone_of_sage_truth_seed
10612,9,0,,0,0,0,rw_tombstone_of_sage_truth_seed
10612,10,0,,0,0,0,rw_tombstone_of_sage_truth_seed
10612,11,0,,0,0,0,rw_tombstone_of_sage_truth_seed
10612,12,0,,0,0,0,rw_tombstone_of_sage_truth_seed
10612,13,0,,0,0,0,rw_tombstone_of_sage_truth_seed
10613,0,0,,0,0,0,rw_tombstone_of_sage_truth_seed
10613,1,0,,0,0,0,rw_tombstone_of_sage_truth_seed
10613,2,0,,0,0,0,rw_tombstone_of_sage_truth_seed
10613,3,0,,0,0,0,rw_tombstone_of_sage_truth_seed
10613,4,0,,0,0,0,rw_tombstone_of_sage_truth_seed
10613,5,0,,0,0,0,rw_tombstone_of_sage_truth_seed
10613,6,0,,0,0,0,rw_tombstone_of_sage_truth_seed
10613,7,0,,0,0,0,rw_tombstone_of_sage_truth_seed
10613,8,0,,0,0,0,rw_tombstone_of_sage_truth_seed
10613,9,0,,0,0,0,rw_tombstone_of_sage_truth_seed
10613,10,0,,0,0,0,rw_tombstone_of_sage_truth_seed
10618,0,0,,0,0,0,rw_tombstone_of_sage_truth_seed
10618,1,0,,0,0,0,rw_tombstone_of_sage_truth_seed
10618,2,0,,0,0,0,rw_tombstone_of_sage_truth_seed
10618,3,0,,0,0,0,rw_tombstone_of_sage_truth_seed
10618,4,0,,0,0,0,rw_tombstone_of_sage_truth_seed
10614,0,0,,0,0,0,rw_tombstone_of_sage_truth_seed
10614,1,0,,0,0,0,rw_tombstone_of_sage_truth_seed
10614,2,0,,0,0,0,rw_tombstone_of_sage_truth_seed
10614,3,0,,0,0,0,rw_tombstone_of_sage_truth_seed
10614,4,0,,0,0,0,rw_tombstone_of_sage_truth_seed
10615,0,0,,0,0,0,rw_tombstone_of_sage_truth_seed
10615,1,0,,0,0,0,rw_tombstone_of_sage_truth_seed
10615,2,0,,0,0,0,rw_tombstone_of_sage_truth_seed
10615,3,0,,0,0,0,rw_tombstone_of_sage_truth_seed
10615,4,0,,0,0,0,rw_tombstone_of_sage_truth_seed
10615,5,0,,0,0,0,rw_tombstone_of_sage_truth_seed
10615,6,0,,0,0,0,rw_tombstone_of_sage_truth_seed
10615,7,0,,0,0,0,rw_tombstone_of_sage_truth_seed
10615,8,0,,0,0,0,rw_tombstone_of_sage_truth_seed
10616,0,0,,0,0,0,rw_tombstone_of_sage_truth_seed
10616,1,0,,0,0,0,rw_tombstone_of_sage_truth_seed
10616,2,0,,0,0,0,rw_tombstone_of_sage_truth_seed
10616,3,0,,0,0,0,rw_tombstone_of_sage_truth_seed
10616,4,0,,0,0,0,rw_tombstone_of_sage_truth_seed
10616,5,0,,0,0,0,rw_tombstone_of_sage_truth_seed
10616,6,0,,0,0,0,rw_tombstone_of_sage_truth_seed
10616,7,0,,0,0,0,rw_tombstone_of_sage_truth_seed
10616,8,0,,0,0,0,rw_tombstone_of_sage_truth_seed
10616,9,0,,0,0,0,rw_tombstone_of_sage_truth_seed
10616,10,0,,0,0,0,rw_tombstone_of_sage_truth_seed
10616,11,0,,0,0,0,rw_tombstone_of_sage_truth_seed
10616,12,0,,0,0,0,rw_tombstone_of_sage_truth_seed
10616,13,0,,0,0,0,rw_tombstone_of_sage_truth_seed
10616,14,0,,0,0,0,rw_tombstone_of_sage_truth_seed
10616,15,0,,0,0,0,rw_tombstone_of_sage_truth_seed
10616,16,0,,0,0,0,rw_tombstone_of_sage_truth_seed
10616,17,0,,0,0,0,rw_tombstone_of_sage_truth_seed
10616,18,0,,0,0,0,rw_tombstone_of_sage_truth_seed
10616,19,0,,0,0,0,rw_tombstone_of_sage_truth_seed
10617,0,0,,0,0,0,rw_tombstone_of_sage_truth_seed
10617,1,0,,0,0,0,rw_tombstone_of_sage_truth_seed
10617,2,0,,0,0,0,rw_tombstone_of_sage_truth_seed
10617,3,0,,0,0,0,rw_tombstone_of_sage_truth_seed
10617,4,0,,0,0,0,rw_tombstone_of_sage_truth_seed
10617,5,0,,0,0,0,rw_tombstone_of_sage_truth_seed
10621,0,0,,0,0,0,rw_tombstone_of_sage_truth_seed
10621,1,0,,0,0,0,rw_tombstone_of_sage_truth_seed
10621,2,0,,0,0,0,rw_tombstone_of_sage_truth_seed
10621,3,0,,0,0,0,rw_tombstone_of_sage_truth_seed
10619,0,0,,0,0,0,rw_tombstone_of_sage_truth_seed
10619,1,0,,0,0,0,rw_tombstone_of_sage_truth_seed
10619,2,0,,0,0,0,rw_tombstone_of_sage_truth_seed
10619,3,0,,0,0,0,rw_tombstone_of_sage_truth_seed
10619,4,0,,0,0,0,rw_tombstone_of_sage_truth_seed
10619,5,0,,0,0,0,rw_tombstone_of_sage_truth_seed
10619,6,0,,0,0,0,rw_tombstone_of_sage_truth_seed
10619,7,0,,0,0,0,rw_tombstone_of_sage_truth_seed
10619,8,0,,0,0,0,rw_tombstone_of_sage_truth_seed
10620,0,0,,0,0,0,rw_tombstone_of_sage_truth_seed
10620,1,0,,0,0,0,rw_tombstone_of_sage_truth_seed
10620,2,0,,0,0,0,rw_tombstone_of_sage_truth_seed
10620,3,0,,0,0,0,rw_tombstone_of_sage_truth_seed
10620,4,0,,0,0,0,rw_tombstone_of_sage_truth_seed
10620,5,0,,0,0,0,rw_tombstone_of_sage_truth_seed
10620,6,0,,0,0,0,rw_tombstone_of_sage_truth_seed
10620,7,0,,0,0,0,rw_tombstone_of_sage_truth_seed
10620,8,0,,0,0,0,rw_tombstone_of_sage_truth_seed
10620,9,0,,0,0,0,rw_tombstone_of_sage_truth_seed
10620,10,0,,0,0,0,rw_tombstone_of_sage_truth_seed
10901,0,0,,0,0,0,rw_m_wk_event_1
10901,1,0,,0,0,0,rw_m_wk_event_2
10901,2,0,,0,0,0,rw_m_wk_event_3
10901,3,0,,0,0,0,rw_m_wk_event_4
10901,4,0,,0,0,0,rw_m_wk_event_5
10901,5,0,,0,0,0,rw_m_wk_event_6
10901,6,0,,0,0,0,rw_m_wk_event_7
10901,7,0,,0,0,0,rw_m_wk_event_8
10901,8,0,,0,0,0,rw_m_wk_event_9
10901,9,0,,0,0,0,rw_m_wk_event_10
10902,0,0,,0,0,0,rw_m_point_wk_event_10
10902,1,0,,0,0,0,rw_m_point_wk_event_10
10902,2,0,,0,0,0,rw_m_point_wk_event_10
10903,0,0,,0,0,0,rw_m_point_wk_event_10
10903,1,0,,0,0,0,rw_m_point_wk_event_10
10903,2,0,,0,0,0,rw_m_point_wk_event_10
10904,0,0,,0,0,0,rw_m_point_wk_event_10
10905,0,0,,0,0,0,rw_m_point_wk_event_10
10905,1,0,,0,0,0,rw_m_point_wk_event_10
10906,0,0,,0,0,0,rw_m_point_wk_event_10
10906,1,0,,0,0,0,rw_m_point_wk_event_10
10906,2,0,,0,0,0,rw_m_point_wk_event_10
10907,0,0,,0,0,0,rw_m_point_wk_event_10
10907,1,0,,0,0,0,rw_m_point_wk_event_10
10908,0,0,,0,0,0,rw_m_point_wk_event_10
10908,1,0,,0,0,0,rw_m_point_wk_event_10
10908,2,0,,0,0,0,rw_m_point_wk_event_10
10909,0,0,,0,0,0,rw_m_point_wk_event_10
10909,1,0,,0,0,0,rw_m_point_wk_event_10
10909,2,0,,0,0,0,rw_m_point_wk_event_10
10909,3,0,,0,0,0,rw_m_point_wk_event_10
10910,0,0,,0,0,0,rw_m_point_wk_event_10
10910,1,0,,0,0,0,rw_m_point_wk_event_10
10910,2,0,,0,0,0,rw_m_point_wk_event_10
10911,0,0,,0,0,0,rw_m_point_wk_event_10
10911,1,0,,0,0,0,rw_m_point_wk_event_10
10912,0,0,,0,0,0,rw_m_point_wk_event_10
10912,1,0,,0,0,0,rw_m_point_wk_event_10
10912,2,0,,0,0,0,rw_m_point_wk_event_10
10912,3,0,,0,0,0,rw_m_point_wk_event_10
10732,0,0,,0,0,0,rw_pr_ev_main_2024_11_pass_1
10830,0,0,,0,0,0,rw_ev_main_2025_09_at_1
10830,1,0,,0,0,0,rw_ev_main_2025_09_at_2
10830,2,0,,0,0,0,rw_ev_main_2025_09_at_3
10830,3,0,,0,0,0,rw_ev_main_2025_09_at_4
10830,4,0,,0,0,0,rw_ev_main_2025_09_at_5
10830,5,0,,0,0,0,rw_ev_main_2025_09_at_6
10830,6,0,,0,0,0,rw_ev_main_2025_09_at_7
10830,7,0,,0,0,0,rw_ev_main_2025_09_at_8
10830,8,0,,0,0,0,rw_ev_main_2025_09_at_9
10830,9,0,,0,0,0,rw_ev_main_2025_09_at_10
10830,10,0,,0,0,0,rw_ev_main_2025_09_at_11
10830,11,0,,0,0,0,rw_ev_main_2025_09_at_12
10830,12,0,,0,0,0,rw_ev_main_2025_09_at_13
10830,13,0,,0,0,0,rw_ev_main_2025_09_at_14
10830,14,0,,0,0,0,rw_ev_main_2025_09_at_15
10831,0,0,,0,0,0,rw_ev_main_2025_09_pass_1
10831,1,0,,0,0,0,rw_ev_main_2025_09_pass_2
10831,2,0,,0,0,0,rw_ev_main_2025_09_pass_3
10831,3,0,,0,0,0,rw_ev_main_2025_09_pass_4
10831,4,0,,0,0,0,rw_ev_main_2025_09_pass_5
10831,5,0,,0,0,0,rw_ev_main_2025_09_pass_6
10831,6,0,,0,0,0,rw_ev_main_2025_09_pass_7
10831,7,0,,0,0,0,rw_ev_main_2025_09_pass_8
10831,8,0,,0,0,0,rw_ev_main_2025_09_pass_9
10831,9,0,,0,0,0,rw_ev_main_2025_09_pass_10
10831,10,0,,0,0,0,rw_ev_main_2025_09_pass_11
10831,11,0,,0,0,0,rw_ev_main_2025_09_pass_12
10831,12,0,,0,0,0,rw_ev_main_2025_09_pass_13
10831,13,0,,0,0,0,rw_ev_main_2025_09_pass_14
10831,14,0,,0,0,0,rw_ev_main_2025_09_pass_15
10831,15,0,,0,0,0,rw_ev_main_2025_09_pass_16
10831,16,0,,0,0,0,rw_ev_main_2025_09_pass_17
10831,17,0,,0,0,0,rw_ev_main_2025_09_pass_18
10831,18,0,,0,0,0,rw_ev_main_2025_09_pass_19
10831,19,0,,0,0,0,rw_ev_main_2025_09_pass_20
10831,20,0,,0,0,0,rw_ev_main_2025_09_pass_21
10831,21,0,,0,0,0,rw_ev_main_2025_09_pass_22
10831,22,0,,0,0,0,rw_ev_main_2025_09_pass_23
10831,23,0,,0,0,0,rw_ev_main_2025_09_pass_24
10831,24,0,,0,0,0,rw_ev_main_2025_09_pass_25
10831,25,0,,0,0,0,rw_ev_main_2025_09_pass_26
10831,26,0,,0,0,0,rw_ev_main_2025_09_pass_27
10831,27,0,,0,0,0,rw_ev_main_2025_09_pass_28
10831,28,0,,0,0,0,rw_ev_main_2025_09_pass_29
10832,0,0,,0,0,0,rw_ev_main_2025_09_pass_epic_1
10832,1,0,,0,0,0,rw_ev_main_2025_09_pass_epic_2
10832,2,0,,0,0,0,rw_ev_main_2025_09_pass_epic_3
10832,3,0,,0,0,0,rw_ev_main_2025_09_pass_epic_4
10832,4,0,,0,0,0,rw_ev_main_2025_09_pass_epic_5
10832,5,0,,0,0,0,rw_ev_main_2025_09_pass_epic_6
10832,6,0,,0,0,0,rw_ev_main_2025_09_pass_epic_7
10832,7,0,,0,0,0,rw_ev_main_2025_09_pass_epic_8
10832,8,0,,0,0,0,rw_ev_main_2025_09_pass_epic_9
10832,9,0,,0,0,0,rw_ev_main_2025_09_pass_epic_10
10832,10,0,,0,0,0,rw_ev_main_2025_09_pass_epic_11
10832,11,0,,0,0,0,rw_ev_main_2025_09_pass_epic_12
10832,12,0,,0,0,0,rw_ev_main_2025_09_pass_epic_13
10832,13,0,,0,0,0,rw_ev_main_2025_09_pass_epic_14
10832,14,0,,0,0,0,rw_ev_main_2025_09_pass_epic_15
10832,15,0,,0,0,0,rw_ev_main_2025_09_pass_epic_16
10832,16,0,,0,0,0,rw_ev_main_2025_09_pass_epic_17
10832,17,0,,0,0,0,rw_ev_main_2025_09_pass_epic_18
10832,18,0,,0,0,0,rw_ev_main_2025_09_pass_epic_19
10832,19,0,,0,0,0,rw_ev_main_2025_09_pass_epic_20
10832,20,0,,0,0,0,rw_ev_main_2025_09_pass_epic_21
10832,21,0,,0,0,0,rw_ev_main_2025_09_pass_epic_22
10832,22,0,,0,0,0,rw_ev_main_2025_09_pass_epic_23
10832,23,0,,0,0,0,rw_ev_main_2025_09_pass_epic_24
10832,24,0,,0,0,0,rw_ev_main_2025_09_pass_epic_25
10832,25,0,,0,0,0,rw_ev_main_2025_09_pass_epic_26
10832,26,0,,0,0,0,rw_ev_main_2025_09_pass_epic_27
10832,27,0,,0,0,0,rw_ev_main_2025_09_pass_epic_28
10832,28,0,,0,0,0,rw_ev_main_2025_09_pass_epic_29
10833,0,999,,1000,0,0,rw_ev_main_2025_09_pass_repeat
10834,0,0,,0,0,0,rw_ev_main_2025_09_point_25
10835,0,0,,0,0,0,rw_ev_main_2025_09_point_25
10836,0,0,,0,0,0,rw_ev_main_2025_09_point_25
10837,0,0,,0,0,0,rw_ev_main_2025_09_point_25
10838,0,0,,0,0,0,rw_ev_main_2025_09_point_25
10839,0,0,,0,0,0,rw_ev_main_2025_09_point_25
10840,0,0,,0,0,0,rw_ev_main_year_1_5_at_1
10840,1,0,,0,0,0,rw_ev_main_year_1_5_at_2
10840,2,0,,0,0,0,rw_ev_main_year_1_5_at_3
10840,3,0,,0,0,0,rw_ev_main_year_1_5_at_4
10840,4,0,,0,0,0,rw_ev_main_year_1_5_at_5
10840,5,0,,0,0,0,rw_ev_main_year_1_5_at_6
10840,6,0,,0,0,0,rw_ev_main_year_1_5_at_7
10840,7,0,,0,0,0,rw_ev_main_year_1_5_at_8
10840,8,0,,0,0,0,rw_ev_main_year_1_5_at_9
10840,9,0,,0,0,0,rw_ev_main_year_1_5_at_10
10840,10,0,,0,0,0,rw_ev_main_year_1_5_at_11
10840,11,0,,0,0,0,rw_ev_main_year_1_5_at_12
10840,12,0,,0,0,0,rw_ev_main_year_1_5_at_13
10840,13,0,,0,0,0,rw_ev_main_year_1_5_at_14
10840,14,0,,0,0,0,rw_ev_main_year_1_5_at_15
10841,0,0,,0,0,0,rw_ev_main_year_1_5_pass_1
10841,1,0,,0,0,0,rw_ev_main_year_1_5_pass_2
10841,2,0,,0,0,0,rw_ev_main_year_1_5_pass_3
10841,3,0,,0,0,0,rw_ev_main_year_1_5_pass_4
10841,4,0,,0,0,0,rw_ev_main_year_1_5_pass_5
10841,5,0,,0,0,0,rw_ev_main_year_1_5_pass_6
10841,6,0,,0,0,0,rw_ev_main_year_1_5_pass_7
10841,7,0,,0,0,0,rw_ev_main_year_1_5_pass_8
10841,8,0,,0,0,0,rw_ev_main_year_1_5_pass_9
10841,9,0,,0,0,0,rw_ev_main_year_1_5_pass_10
10841,10,0,,0,0,0,rw_ev_main_year_1_5_pass_11
10841,11,0,,0,0,0,rw_ev_main_year_1_5_pass_12
10841,12,0,,0,0,0,rw_ev_main_year_1_5_pass_13
10841,13,0,,0,0,0,rw_ev_main_year_1_5_pass_14
10841,14,0,,0,0,0,rw_ev_main_year_1_5_pass_15
10841,15,0,,0,0,0,rw_ev_main_year_1_5_pass_16
10841,16,0,,0,0,0,rw_ev_main_year_1_5_pass_17
10841,17,0,,0,0,0,rw_ev_main_year_1_5_pass_18
10841,18,0,,0,0,0,rw_ev_main_year_1_5_pass_19
10841,19,0,,0,0,0,rw_ev_main_year_1_5_pass_20
10841,20,0,,0,0,0,rw_ev_main_year_1_5_pass_21
10841,21,0,,0,0,0,rw_ev_main_year_1_5_pass_22
10841,22,0,,0,0,0,rw_ev_main_year_1_5_pass_23
10841,23,0,,0,0,0,rw_ev_main_year_1_5_pass_24
10841,24,0,,0,0,0,rw_ev_main_year_1_5_pass_25
10841,25,0,,0,0,0,rw_ev_main_year_1_5_pass_26
10841,26,0,,0,0,0,rw_ev_main_year_1_5_pass_27
10841,27,0,,0,0,0,rw_ev_main_year_1_5_pass_28
10841,28,0,,0,0,0,rw_ev_main_year_1_5_pass_29
10843,0,999,,1000,0,0,rw_ev_main_year_1_5_pass_repeat
10850,0,0,,0,0,0,rw_ev_main_2025_11_at_1
10850,1,0,,0,0,0,rw_ev_main_2025_11_at_2
10850,2,0,,0,0,0,rw_ev_main_2025_11_at_3
10850,3,0,,0,0,0,rw_ev_main_2025_11_at_4
10850,4,0,,0,0,0,rw_ev_main_2025_11_at_5
10850,5,0,,0,0,0,rw_ev_main_2025_11_at_6
10850,6,0,,0,0,0,rw_ev_main_2025_11_at_7
10850,7,0,,0,0,0,rw_ev_main_2025_11_at_8
10850,8,0,,0,0,0,rw_ev_main_2025_11_at_9
10850,9,0,,0,0,0,rw_ev_main_2025_11_at_10
10850,10,0,,0,0,0,rw_ev_main_2025_11_at_11
10850,11,0,,0,0,0,rw_ev_main_2025_11_at_12
10850,12,0,,0,0,0,rw_ev_main_2025_11_at_13
10850,13,0,,0,0,0,rw_ev_main_2025_11_at_14
10850,14,0,,0,0,0,rw_ev_main_2025_11_at_15
10851,0,0,,0,0,0,rw_ev_main_2025_11_pass_1
10851,1,0,,0,0,0,rw_ev_main_2025_11_pass_2
10851,2,0,,0,0,0,rw_ev_main_2025_11_pass_3
10851,3,0,,0,0,0,rw_ev_main_2025_11_pass_4
10851,4,0,,0,0,0,rw_ev_main_2025_11_pass_5
10851,5,0,,0,0,0,rw_ev_main_2025_11_pass_6
10851,6,0,,0,0,0,rw_ev_main_2025_11_pass_7
10851,7,0,,0,0,0,rw_ev_main_2025_11_pass_8
10851,8,0,,0,0,0,rw_ev_main_2025_11_pass_9
10851,9,0,,0,0,0,rw_ev_main_2025_11_pass_10
10851,10,0,,0,0,0,rw_ev_main_2025_11_pass_11
10851,11,0,,0,0,0,rw_ev_main_2025_11_pass_12
10851,12,0,,0,0,0,rw_ev_main_2025_11_pass_13
10851,13,0,,0,0,0,rw_ev_main_2025_11_pass_14
10851,14,0,,0,0,0,rw_ev_main_2025_11_pass_15
10851,15,0,,0,0,0,rw_ev_main_2025_11_pass_16
10851,16,0,,0,0,0,rw_ev_main_2025_11_pass_17
10851,17,0,,0,0,0,rw_ev_main_2025_11_pass_18
10851,18,0,,0,0,0,rw_ev_main_2025_11_pass_19
10851,19,0,,0,0,0,rw_ev_main_2025_11_pass_20
10851,20,0,,0,0,0,rw_ev_main_2025_11_pass_21
10851,21,0,,0,0,0,rw_ev_main_2025_11_pass_22
10851,22,0,,0,0,0,rw_ev_main_2025_11_pass_23
10851,23,0,,0,0,0,rw_ev_main_2025_11_pass_24
10851,24,0,,0,0,0,rw_ev_main_2025_11_pass_25
10851,25,0,,0,0,0,rw_ev_main_2025_11_pass_26
10851,26,0,,0,0,0,rw_ev_main_2025_11_pass_27
10851,27,0,,0,0,0,rw_ev_main_2025_11_pass_28
10851,28,0,,0,0,0,rw_ev_main_2025_11_pass_29
10852,0,0,,0,0,0,rw_ev_main_2025_11_pass_epic_1
10852,1,0,,0,0,0,rw_ev_main_2025_11_pass_epic_2
10852,2,0,,0,0,0,rw_ev_main_2025_11_pass_epic_3
10852,3,0,,0,0,0,rw_ev_main_2025_11_pass_epic_4
10852,4,0,,0,0,0,rw_ev_main_2025_11_pass_epic_5
10852,5,0,,0,0,0,rw_ev_main_2025_11_pass_epic_6
10852,6,0,,0,0,0,rw_ev_main_2025_11_pass_epic_7
10852,7,0,,0,0,0,rw_ev_main_2025_11_pass_epic_8
10852,8,0,,0,0,0,rw_ev_main_2025_11_pass_epic_9
10852,9,0,,0,0,0,rw_ev_main_2025_11_pass_epic_10
10852,10,0,,0,0,0,rw_ev_main_2025_11_pass_epic_11
10852,11,0,,0,0,0,rw_ev_main_2025_11_pass_epic_12
10852,12,0,,0,0,0,rw_ev_main_2025_11_pass_epic_13
10852,13,0,,0,0,0,rw_ev_main_2025_11_pass_epic_14
10852,14,0,,0,0,0,rw_ev_main_2025_11_pass_epic_15
10852,15,0,,0,0,0,rw_ev_main_2025_11_pass_epic_16
10852,16,0,,0,0,0,rw_ev_main_2025_11_pass_epic_17
10852,17,0,,0,0,0,rw_ev_main_2025_11_pass_epic_18
10852,18,0,,0,0,0,rw_ev_main_2025_11_pass_epic_19
10852,19,0,,0,0,0,rw_ev_main_2025_11_pass_epic_20
10852,20,0,,0,0,0,rw_ev_main_2025_11_pass_epic_21
10852,21,0,,0,0,0,rw_ev_main_2025_11_pass_epic_22
10852,22,0,,0,0,0,rw_ev_main_2025_11_pass_epic_23
10852,23,0,,0,0,0,rw_ev_main_2025_11_pass_epic_24
10852,24,0,,0,0,0,rw_ev_main_2025_11_pass_epic_25
10852,25,0,,0,0,0,rw_ev_main_2025_11_pass_epic_26
10852,26,0,,0,0,0,rw_ev_main_2025_11_pass_epic_27
10852,27,0,,0,0,0,rw_ev_main_2025_11_pass_epic_28
10852,28,0,,0,0,0,rw_ev_main_2025_11_pass_epic_29
10853,0,999,,1000,0,0,rw_ev_main_2025_11_pass_repeat
10854,0,0,,0,0,0,rw_ev_main_2025_11_point_25
10855,0,0,,0,0,0,rw_ev_main_2025_11_point_25
10856,0,0,,0,0,0,rw_ev_main_2025_11_point_25
10857,0,0,,0,0,0,rw_ev_main_2025_11_point_25
10858,0,0,,0,0,0,rw_ev_main_2025_11_point_25
10859,0,0,,0,0,0,rw_ev_main_2025_11_point_25
10860,0,0,,0,0,0,rw_ev_main_2025_12_sp_at_1
10860,1,0,,0,0,0,rw_ev_main_2025_12_sp_at_2
10860,2,0,,0,0,0,rw_ev_main_2025_12_sp_at_3
10860,3,0,,0,0,0,rw_ev_main_2025_12_sp_at_4
10860,4,0,,0,0,0,rw_ev_main_2025_12_sp_at_5
10860,5,0,,0,0,0,rw_ev_main_2025_12_sp_at_6
10860,6,0,,0,0,0,rw_ev_main_2025_12_sp_at_7
10861,0,0,,0,0,0,rw_ev_main_2025_12_sp_pass_1
10861,1,0,,0,0,0,rw_ev_main_2025_12_sp_pass_2
10861,2,0,,0,0,0,rw_ev_main_2025_12_sp_pass_3
10861,3,0,,0,0,0,rw_ev_main_2025_12_sp_pass_4
10861,4,0,,0,0,0,rw_ev_main_2025_12_sp_pass_5
10861,5,0,,0,0,0,rw_ev_main_2025_12_sp_pass_6
10861,6,0,,0,0,0,rw_ev_main_2025_12_sp_pass_7
10861,7,0,,0,0,0,rw_ev_main_2025_12_sp_pass_8
10861,8,0,,0,0,0,rw_ev_main_2025_12_sp_pass_9
10861,9,0,,0,0,0,rw_ev_main_2025_12_sp_pass_10
10861,10,0,,0,0,0,rw_ev_main_2025_12_sp_pass_11
10861,11,0,,0,0,0,rw_ev_main_2025_12_sp_pass_12
10861,12,0,,0,0,0,rw_ev_main_2025_12_sp_pass_13
10861,13,0,,0,0,0,rw_ev_main_2025_12_sp_pass_14
10861,14,0,,0,0,0,rw_ev_main_2025_12_sp_pass_15
10861,15,0,,0,0,0,rw_ev_main_2025_12_sp_pass_16
10861,16,0,,0,0,0,rw_ev_main_2025_12_sp_pass_17
10861,17,0,,0,0,0,rw_ev_main_2025_12_sp_pass_18
10861,18,0,,0,0,0,rw_ev_main_2025_12_sp_pass_19
10862,0,999,,1000,0,0,rw_ev_main_2025_12_sp_pass_repeat
10863,0,0,,0,0,0,rw_ev_main_2026_01_at_1
10863,1,0,,0,0,0,rw_ev_main_2026_01_at_2
10863,2,0,,0,0,0,rw_ev_main_2026_01_at_3
10863,3,0,,0,0,0,rw_ev_main_2026_01_at_4
10863,4,0,,0,0,0,rw_ev_main_2026_01_at_5
10863,5,0,,0,0,0,rw_ev_main_2026_01_at_6
10863,6,0,,0,0,0,rw_ev_main_2026_01_at_7
10863,7,0,,0,0,0,rw_ev_main_2026_01_at_8
10863,8,0,,0,0,0,rw_ev_main_2026_01_at_9
10863,9,0,,0,0,0,rw_ev_main_2026_01_at_10
10863,10,0,,0,0,0,rw_ev_main_2026_01_at_11
10863,11,0,,0,0,0,rw_ev_main_2026_01_at_12
10863,12,0,,0,0,0,rw_ev_main_2026_01_at_13
10863,13,0,,0,0,0,rw_ev_main_2026_01_at_14
10863,14,0,,0,0,0,rw_ev_main_2026_01_at_15
10864,0,0,,0,0,0,rw_ev_main_2026_01_pass_1
10864,1,0,,0,0,0,rw_ev_main_2026_01_pass_2
10864,2,0,,0,0,0,rw_ev_main_2026_01_pass_3
10864,3,0,,0,0,0,rw_ev_main_2026_01_pass_4
10864,4,0,,0,0,0,rw_ev_main_2026_01_pass_5
10864,5,0,,0,0,0,rw_ev_main_2026_01_pass_6
10864,6,0,,0,0,0,rw_ev_main_2026_01_pass_7
10864,7,0,,0,0,0,rw_ev_main_2026_01_pass_8
10864,8,0,,0,0,0,rw_ev_main_2026_01_pass_9
10864,9,0,,0,0,0,rw_ev_main_2026_01_pass_10
10864,10,0,,0,0,0,rw_ev_main_2026_01_pass_11
10864,11,0,,0,0,0,rw_ev_main_2026_01_pass_12
10864,12,0,,0,0,0,rw_ev_main_2026_01_pass_13
10864,13,0,,0,0,0,rw_ev_main_2026_01_pass_14
10864,14,0,,0,0,0,rw_ev_main_2026_01_pass_15
10864,15,0,,0,0,0,rw_ev_main_2026_01_pass_16
10864,16,0,,0,0,0,rw_ev_main_2026_01_pass_17
10864,17,0,,0,0,0,rw_ev_main_2026_01_pass_18
10864,18,0,,0,0,0,rw_ev_main_2026_01_pass_19
10864,19,0,,0,0,0,rw_ev_main_2026_01_pass_20
10864,20,0,,0,0,0,rw_ev_main_2026_01_pass_21
10864,21,0,,0,0,0,rw_ev_main_2026_01_pass_22
10864,22,0,,0,0,0,rw_ev_main_2026_01_pass_23
10864,23,0,,0,0,0,rw_ev_main_2026_01_pass_24
10864,24,0,,0,0,0,rw_ev_main_2026_01_pass_25
10864,25,0,,0,0,0,rw_ev_main_2026_01_pass_26
10864,26,0,,0,0,0,rw_ev_main_2026_01_pass_27
10864,27,0,,0,0,0,rw_ev_main_2026_01_pass_28
10864,28,0,,0,0,0,rw_ev_main_2026_01_pass_29
10865,0,0,,0,0,0,rw_ev_main_2026_01_pass_epic_1
10865,1,0,,0,0,0,rw_ev_main_2026_01_pass_epic_2
10865,2,0,,0,0,0,rw_ev_main_2026_01_pass_epic_3
10865,3,0,,0,0,0,rw_ev_main_2026_01_pass_epic_4
10865,4,0,,0,0,0,rw_ev_main_2026_01_pass_epic_5
10865,5,0,,0,0,0,rw_ev_main_2026_01_pass_epic_6
10865,6,0,,0,0,0,rw_ev_main_2026_01_pass_epic_7
10865,7,0,,0,0,0,rw_ev_main_2026_01_pass_epic_8
10865,8,0,,0,0,0,rw_ev_main_2026_01_pass_epic_9
10865,9,0,,0,0,0,rw_ev_main_2026_01_pass_epic_10
10865,10,0,,0,0,0,rw_ev_main_2026_01_pass_epic_11
10865,11,0,,0,0,0,rw_ev_main_2026_01_pass_epic_12
10865,12,0,,0,0,0,rw_ev_main_2026_01_pass_epic_13
10865,13,0,,0,0,0,rw_ev_main_2026_01_pass_epic_14
10865,14,0,,0,0,0,rw_ev_main_2026_01_pass_epic_15
10865,15,0,,0,0,0,rw_ev_main_2026_01_pass_epic_16
10865,16,0,,0,0,0,rw_ev_main_2026_01_pass_epic_17
10865,17,0,,0,0,0,rw_ev_main_2026_01_pass_epic_18
10865,18,0,,0,0,0,rw_ev_main_2026_01_pass_epic_19
10865,19,0,,0,0,0,rw_ev_main_2026_01_pass_epic_20
10865,20,0,,0,0,0,rw_ev_main_2026_01_pass_epic_21
10865,21,0,,0,0,0,rw_ev_main_2026_01_pass_epic_22
10865,22,0,,0,0,0,rw_ev_main_2026_01_pass_epic_23
10865,23,0,,0,0,0,rw_ev_main_2026_01_pass_epic_24
10865,24,0,,0,0,0,rw_ev_main_2026_01_pass_epic_25
10865,25,0,,0,0,0,rw_ev_main_2026_01_pass_epic_26
10865,26,0,,0,0,0,rw_ev_main_2026_01_pass_epic_27
10865,27,0,,0,0,0,rw_ev_main_2026_01_pass_epic_28
10865,28,0,,0,0,0,rw_ev_main_2026_01_pass_epic_29
10866,0,999,,1000,0,0,rw_ev_main_2026_01_pass_repeat
10867,0,0,,0,0,0,rw_ev_main_2026_01_point_25
10868,0,0,,0,0,0,rw_ev_main_2026_01_point_25
10869,0,0,,0,0,0,rw_ev_main_2026_01_point_25
10870,0,0,,0,0,0,rw_ev_main_2026_01_point_25
10871,0,0,,0,0,0,rw_ev_main_2026_01_point_25
10872,0,0,,0,0,0,rw_ev_main_2026_01_point_25
10873,0,0,,0,0,0,rw_ev_main_2026_02_sp_at_1
10873,1,0,,0,0,0,rw_ev_main_2026_02_sp_at_2
10873,2,0,,0,0,0,rw_ev_main_2026_02_sp_at_3
10873,3,0,,0,0,0,rw_ev_main_2026_02_sp_at_4
10873,4,0,,0,0,0,rw_ev_main_2026_02_sp_at_5
10873,5,0,,0,0,0,rw_ev_main_2026_02_sp_at_6
10873,6,0,,0,0,0,rw_ev_main_2026_02_sp_at_7
10874,0,0,,0,0,0,rw_ev_main_2026_02_sp_pass_1
10874,1,0,,0,0,0,rw_ev_main_2026_02_sp_pass_2
10874,2,0,,0,0,0,rw_ev_main_2026_02_sp_pass_3
10874,3,0,,0,0,0,rw_ev_main_2026_02_sp_pass_4
10874,4,0,,0,0,0,rw_ev_main_2026_02_sp_pass_5
10874,5,0,,0,0,0,rw_ev_main_2026_02_sp_pass_6
10874,6,0,,0,0,0,rw_ev_main_2026_02_sp_pass_7
10874,7,0,,0,0,0,rw_ev_main_2026_02_sp_pass_8
10874,8,0,,0,0,0,rw_ev_main_2026_02_sp_pass_9
10874,9,0,,0,0,0,rw_ev_main_2026_02_sp_pass_10
10874,10,0,,0,0,0,rw_ev_main_2026_02_sp_pass_11
10874,11,0,,0,0,0,rw_ev_main_2026_02_sp_pass_12
10874,12,0,,0,0,0,rw_ev_main_2026_02_sp_pass_13
10874,13,0,,0,0,0,rw_ev_main_2026_02_sp_pass_14
10874,14,0,,0,0,0,rw_ev_main_2026_02_sp_pass_15
10874,15,0,,0,0,0,rw_ev_main_2026_02_sp_pass_16
10874,16,0,,0,0,0,rw_ev_main_2026_02_sp_pass_17
10874,17,0,,0,0,0,rw_ev_main_2026_02_sp_pass_18
10874,18,0,,0,0,0,rw_ev_main_2026_02_sp_pass_19
10875,0,999,,1000,0,0,rw_ev_main_2026_02_sp_pass_repeat
10876,0,0,,0,0,0,rw_ev_main_2026_03_at_1
10876,1,0,,0,0,0,rw_ev_main_2026_03_at_2
10876,2,0,,0,0,0,rw_ev_main_2026_03_at_3
10876,3,0,,0,0,0,rw_ev_main_2026_03_at_4
10876,4,0,,0,0,0,rw_ev_main_2026_03_at_5
10876,5,0,,0,0,0,rw_ev_main_2026_03_at_6
10876,6,0,,0,0,0,rw_ev_main_2026_03_at_7
10876,7,0,,0,0,0,rw_ev_main_2026_03_at_8
10876,8,0,,0,0,0,rw_ev_main_2026_03_at_9
10876,9,0,,0,0,0,rw_ev_main_2026_03_at_10
10876,10,0,,0,0,0,rw_ev_main_2026_03_at_11
10876,11,0,,0,0,0,rw_ev_main_2026_03_at_12
10876,12,0,,0,0,0,rw_ev_main_2026_03_at_13
10876,13,0,,0,0,0,rw_ev_main_2026_03_at_14
10876,14,0,,0,0,0,rw_ev_main_2026_03_at_15
10877,0,0,,0,0,0,rw_ev_main_2026_03_pass_1
10877,1,0,,0,0,0,rw_ev_main_2026_03_pass_2
10877,2,0,,0,0,0,rw_ev_main_2026_03_pass_3
10877,3,0,,0,0,0,rw_ev_main_2026_03_pass_4
10877,4,0,,0,0,0,rw_ev_main_2026_03_pass_5
10877,5,0,,0,0,0,rw_ev_main_2026_03_pass_6
10877,6,0,,0,0,0,rw_ev_main_2026_03_pass_7
10877,7,0,,0,0,0,rw_ev_main_2026_03_pass_8
10877,8,0,,0,0,0,rw_ev_main_2026_03_pass_9
10877,9,0,,0,0,0,rw_ev_main_2026_03_pass_10
10877,10,0,,0,0,0,rw_ev_main_2026_03_pass_11
10877,11,0,,0,0,0,rw_ev_main_2026_03_pass_12
10877,12,0,,0,0,0,rw_ev_main_2026_03_pass_13
10877,13,0,,0,0,0,rw_ev_main_2026_03_pass_14
10877,14,0,,0,0,0,rw_ev_main_2026_03_pass_15
10877,15,0,,0,0,0,rw_ev_main_2026_03_pass_16
10877,16,0,,0,0,0,rw_ev_main_2026_03_pass_17
10877,17,0,,0,0,0,rw_ev_main_2026_03_pass_18
10877,18,0,,0,0,0,rw_ev_main_2026_03_pass_19
10877,19,0,,0,0,0,rw_ev_main_2026_03_pass_20
10877,20,0,,0,0,0,rw_ev_main_2026_03_pass_21
10877,21,0,,0,0,0,rw_ev_main_2026_03_pass_22
10877,22,0,,0,0,0,rw_ev_main_2026_03_pass_23
10877,23,0,,0,0,0,rw_ev_main_2026_03_pass_24
10877,24,0,,0,0,0,rw_ev_main_2026_03_pass_25
10877,25,0,,0,0,0,rw_ev_main_2026_03_pass_26
10877,26,0,,0,0,0,rw_ev_main_2026_03_pass_27
10877,27,0,,0,0,0,rw_ev_main_2026_03_pass_28
10877,28,0,,0,0,0,rw_ev_main_2026_03_pass_29
10878,0,0,,0,0,0,rw_ev_main_2026_03_pass_epic_1
10878,1,0,,0,0,0,rw_ev_main_2026_03_pass_epic_2
10878,2,0,,0,0,0,rw_ev_main_2026_03_pass_epic_3
10878,3,0,,0,0,0,rw_ev_main_2026_03_pass_epic_4
10878,4,0,,0,0,0,rw_ev_main_2026_03_pass_epic_5
10878,5,0,,0,0,0,rw_ev_main_2026_03_pass_epic_6
10878,6,0,,0,0,0,rw_ev_main_2026_03_pass_epic_7
10878,7,0,,0,0,0,rw_ev_main_2026_03_pass_epic_8
10878,8,0,,0,0,0,rw_ev_main_2026_03_pass_epic_9
10878,9,0,,0,0,0,rw_ev_main_2026_03_pass_epic_10
10878,10,0,,0,0,0,rw_ev_main_2026_03_pass_epic_11
10878,11,0,,0,0,0,rw_ev_main_2026_03_pass_epic_12
10878,12,0,,0,0,0,rw_ev_main_2026_03_pass_epic_13
10878,13,0,,0,0,0,rw_ev_main_2026_03_pass_epic_14
10878,14,0,,0,0,0,rw_ev_main_2026_03_pass_epic_15
10878,15,0,,0,0,0,rw_ev_main_2026_03_pass_epic_16
10878,16,0,,0,0,0,rw_ev_main_2026_03_pass_epic_17
10878,17,0,,0,0,0,rw_ev_main_2026_03_pass_epic_18
10878,18,0,,0,0,0,rw_ev_main_2026_03_pass_epic_19
10878,19,0,,0,0,0,rw_ev_main_2026_03_pass_epic_20
10878,20,0,,0,0,0,rw_ev_main_2026_03_pass_epic_21
10878,21,0,,0,0,0,rw_ev_main_2026_03_pass_epic_22
10878,22,0,,0,0,0,rw_ev_main_2026_03_pass_epic_23
10878,23,0,,0,0,0,rw_ev_main_2026_03_pass_epic_24
10878,24,0,,0,0,0,rw_ev_main_2026_03_pass_epic_25
10878,25,0,,0,0,0,rw_ev_main_2026_03_pass_epic_26
10878,26,0,,0,0,0,rw_ev_main_2026_03_pass_epic_27
10878,27,0,,0,0,0,rw_ev_main_2026_03_pass_epic_28
10878,28,0,,0,0,0,rw_ev_main_2026_03_pass_epic_29
10879,0,999,,1000,0,0,rw_ev_main_2026_03_pass_repeat
10880,0,0,,0,0,0,rw_ev_main_2026_03_point_25
10881,0,0,,0,0,0,rw_ev_main_2026_03_point_25
10882,0,0,,0,0,0,rw_ev_main_2026_03_point_25
10883,0,0,,0,0,0,rw_ev_main_2026_03_point_25
10884,0,0,,0,0,0,rw_ev_main_2026_03_point_25
10885,0,0,,0,0,0,rw_ev_main_2026_03_point_25
10886,0,0,,0,0,0,rw_ev_main_2026_03_sp_at_1
10886,1,0,,0,0,0,rw_ev_main_2026_03_sp_at_2
10886,2,0,,0,0,0,rw_ev_main_2026_03_sp_at_3
10886,3,0,,0,0,0,rw_ev_main_2026_03_sp_at_4
10886,4,0,,0,0,0,rw_ev_main_2026_03_sp_at_5
10886,5,0,,0,0,0,rw_ev_main_2026_03_sp_at_6
10886,6,0,,0,0,0,rw_ev_main_2026_03_sp_at_7
10887,0,0,,0,0,0,rw_ev_main_2026_03_sp_pass_1
10887,1,0,,0,0,0,rw_ev_main_2026_03_sp_pass_2
10887,2,0,,0,0,0,rw_ev_main_2026_03_sp_pass_3
10887,3,0,,0,0,0,rw_ev_main_2026_03_sp_pass_4
10887,4,0,,0,0,0,rw_ev_main_2026_03_sp_pass_5
10887,5,0,,0,0,0,rw_ev_main_2026_03_sp_pass_6
10887,6,0,,0,0,0,rw_ev_main_2026_03_sp_pass_7
10887,7,0,,0,0,0,rw_ev_main_2026_03_sp_pass_8
10887,8,0,,0,0,0,rw_ev_main_2026_03_sp_pass_9
10887,9,0,,0,0,0,rw_ev_main_2026_03_sp_pass_10
10887,10,0,,0,0,0,rw_ev_main_2026_03_sp_pass_11
10887,11,0,,0,0,0,rw_ev_main_2026_03_sp_pass_12
10887,12,0,,0,0,0,rw_ev_main_2026_03_sp_pass_13
10887,13,0,,0,0,0,rw_ev_main_2026_03_sp_pass_14
10887,14,0,,0,0,0,rw_ev_main_2026_03_sp_pass_15
10887,15,0,,0,0,0,rw_ev_main_2026_03_sp_pass_16
10887,16,0,,0,0,0,rw_ev_main_2026_03_sp_pass_17
10887,17,0,,0,0,0,rw_ev_main_2026_03_sp_pass_18
10887,18,0,,0,0,0,rw_ev_main_2026_03_sp_pass_19
10888,0,999,,1000,0,0,rw_ev_main_2026_03_sp_pass_repeat
100001,0,0,,0,0,0,rw_ev_main_year_2_at_1
100001,1,0,,0,0,0,rw_ev_main_year_2_at_2
100001,2,0,,0,0,0,rw_ev_main_year_2_at_3
100001,3,0,,0,0,0,rw_ev_main_year_2_at_4
100001,4,0,,0,0,0,rw_ev_main_year_2_at_5
100001,5,0,,0,0,0,rw_ev_main_year_2_at_6
100001,6,0,,0,0,0,rw_ev_main_year_2_at_7
100002,0,0,,0,0,0,rw_ev_main_year_2_pass_1
100002,1,0,,0,0,0,rw_ev_main_year_2_pass_2
100002,2,0,,0,0,0,rw_ev_main_year_2_pass_3
100002,3,0,,0,0,0,rw_ev_main_year_2_pass_4
100002,4,0,,0,0,0,rw_ev_main_year_2_pass_5
100002,5,0,,0,0,0,rw_ev_main_year_2_pass_6
100002,6,0,,0,0,0,rw_ev_main_year_2_pass_7
100002,7,0,,0,0,0,rw_ev_main_year_2_pass_8
100002,8,0,,0,0,0,rw_ev_main_year_2_pass_9
100002,9,0,,0,0,0,rw_ev_main_year_2_pass_10
100002,10,0,,0,0,0,rw_ev_main_year_2_pass_11
100002,11,0,,0,0,0,rw_ev_main_year_2_pass_12
100002,12,0,,0,0,0,rw_ev_main_year_2_pass_13
100002,13,0,,0,0,0,rw_ev_main_year_2_pass_14
100002,14,0,,0,0,0,rw_ev_main_year_2_pass_15
100002,15,0,,0,0,0,rw_ev_main_year_2_pass_16
100002,16,0,,0,0,0,rw_ev_main_year_2_pass_17
100002,17,0,,0,0,0,rw_ev_main_year_2_pass_18
100002,18,0,,0,0,0,rw_ev_main_year_2_pass_19
100002,19,0,,0,0,0,rw_ev_main_year_2_pass_20
100002,20,0,,0,0,0,rw_ev_main_year_2_pass_21
100002,21,0,,0,0,0,rw_ev_main_year_2_pass_22
100002,22,0,,0,0,0,rw_ev_main_year_2_pass_23
100002,23,0,,0,0,0,rw_ev_main_year_2_pass_24
100002,24,0,,0,0,0,rw_ev_main_year_2_pass_25
100003,0,999,,1000,0,0,rw_ev_main_year_2_pass_repeat
100004,0,0,,0,0,0,rw_ev_main_2026_05_at_1
100004,1,0,,0,0,0,rw_ev_main_2026_05_at_2
100004,2,0,,0,0,0,rw_ev_main_2026_05_at_3
100004,3,0,,0,0,0,rw_ev_main_2026_05_at_4
100004,4,0,,0,0,0,rw_ev_main_2026_05_at_5
100004,5,0,,0,0,0,rw_ev_main_2026_05_at_6
100004,6,0,,0,0,0,rw_ev_main_2026_05_at_7
100004,7,0,,0,0,0,rw_ev_main_2026_05_at_8
100004,8,0,,0,0,0,rw_ev_main_2026_05_at_9
100004,9,0,,0,0,0,rw_ev_main_2026_05_at_10
100004,10,0,,0,0,0,rw_ev_main_2026_05_at_11
100004,11,0,,0,0,0,rw_ev_main_2026_05_at_12
100004,12,0,,0,0,0,rw_ev_main_2026_05_at_13
100004,13,0,,0,0,0,rw_ev_main_2026_05_at_14
100004,14,0,,0,0,0,rw_ev_main_2026_05_at_15
100005,0,0,,0,0,0,rw_ev_main_2026_05_pass_1
100005,1,0,,0,0,0,rw_ev_main_2026_05_pass_2
100005,2,0,,0,0,0,rw_ev_main_2026_05_pass_3
100005,3,0,,0,0,0,rw_ev_main_2026_05_pass_4
100005,4,0,,0,0,0,rw_ev_main_2026_05_pass_5
100005,5,0,,0,0,0,rw_ev_main_2026_05_pass_6
100005,6,0,,0,0,0,rw_ev_main_2026_05_pass_7
100005,7,0,,0,0,0,rw_ev_main_2026_05_pass_8
100005,8,0,,0,0,0,rw_ev_main_2026_05_pass_9
100005,9,0,,0,0,0,rw_ev_main_2026_05_pass_10
100005,10,0,,0,0,0,rw_ev_main_2026_05_pass_11
100005,11,0,,0,0,0,rw_ev_main_2026_05_pass_12
100005,12,0,,0,0,0,rw_ev_main_2026_05_pass_13
100005,13,0,,0,0,0,rw_ev_main_2026_05_pass_14
100005,14,0,,0,0,0,rw_ev_main_2026_05_pass_15
100005,15,0,,0,0,0,rw_ev_main_2026_05_pass_16
100005,16,0,,0,0,0,rw_ev_main_2026_05_pass_17
100005,17,0,,0,0,0,rw_ev_main_2026_05_pass_18
100005,18,0,,0,0,0,rw_ev_main_2026_05_pass_19
100005,19,0,,0,0,0,rw_ev_main_2026_05_pass_20
100005,20,0,,0,0,0,rw_ev_main_2026_05_pass_21
100005,21,0,,0,0,0,rw_ev_main_2026_05_pass_22
100005,22,0,,0,0,0,rw_ev_main_2026_05_pass_23
100005,23,0,,0,0,0,rw_ev_main_2026_05_pass_24
100005,24,0,,0,0,0,rw_ev_main_2026_05_pass_25
100005,25,0,,0,0,0,rw_ev_main_2026_05_pass_26
100005,26,0,,0,0,0,rw_ev_main_2026_05_pass_27
100005,27,0,,0,0,0,rw_ev_main_2026_05_pass_28
100005,28,0,,0,0,0,rw_ev_main_2026_05_pass_29
100006,0,0,,0,0,0,rw_ev_main_2026_05_pass_epic_1
100006,1,0,,0,0,0,rw_ev_main_2026_05_pass_epic_2
100006,2,0,,0,0,0,rw_ev_main_2026_05_pass_epic_3
100006,3,0,,0,0,0,rw_ev_main_2026_05_pass_epic_4
100006,4,0,,0,0,0,rw_ev_main_2026_05_pass_epic_5
100006,5,0,,0,0,0,rw_ev_main_2026_05_pass_epic_6
100006,6,0,,0,0,0,rw_ev_main_2026_05_pass_epic_7
100006,7,0,,0,0,0,rw_ev_main_2026_05_pass_epic_8
100006,8,0,,0,0,0,rw_ev_main_2026_05_pass_epic_9
100006,9,0,,0,0,0,rw_ev_main_2026_05_pass_epic_10
100006,10,0,,0,0,0,rw_ev_main_2026_05_pass_epic_11
100006,11,0,,0,0,0,rw_ev_main_2026_05_pass_epic_12
100006,12,0,,0,0,0,rw_ev_main_2026_05_pass_epic_13
100006,13,0,,0,0,0,rw_ev_main_2026_05_pass_epic_14
100006,14,0,,0,0,0,rw_ev_main_2026_05_pass_epic_15
100006,15,0,,0,0,0,rw_ev_main_2026_05_pass_epic_16
100006,16,0,,0,0,0,rw_ev_main_2026_05_pass_epic_17
100006,17,0,,0,0,0,rw_ev_main_2026_05_pass_epic_18
100006,18,0,,0,0,0,rw_ev_main_2026_05_pass_epic_19
100006,19,0,,0,0,0,rw_ev_main_2026_05_pass_epic_20
100006,20,0,,0,0,0,rw_ev_main_2026_05_pass_epic_21
100006,21,0,,0,0,0,rw_ev_main_2026_05_pass_epic_22
100006,22,0,,0,0,0,rw_ev_main_2026_05_pass_epic_23
100006,23,0,,0,0,0,rw_ev_main_2026_05_pass_epic_24
100006,24,0,,0,0,0,rw_ev_main_2026_05_pass_epic_25
100006,25,0,,0,0,0,rw_ev_main_2026_05_pass_epic_26
100006,26,0,,0,0,0,rw_ev_main_2026_05_pass_epic_27
100006,27,0,,0,0,0,rw_ev_main_2026_05_pass_epic_28
100006,28,0,,0,0,0,rw_ev_main_2026_05_pass_epic_29
100007,0,999,,1000,0,0,rw_ev_main_2026_05_pass_repeat
100008,0,0,,0,0,0,rw_ev_main_2026_05_point_25
100009,0,0,,0,0,0,rw_ev_main_2026_05_point_25
100010,0,0,,0,0,0,rw_ev_main_2026_05_point_25
100011,0,0,,0,0,0,rw_ev_main_2026_05_point_25
100012,0,0,,0,0,0,rw_ev_main_2026_05_point_25
100013,0,0,,0,0,0,rw_ev_main_2026_05_point_25
100014,0,0,,0,0,0,rw_ev_main_2026_06_sp_at_1
100014,1,0,,0,0,0,rw_ev_main_2026_06_sp_at_2
100014,2,0,,0,0,0,rw_ev_main_2026_06_sp_at_3
100014,3,0,,0,0,0,rw_ev_main_2026_06_sp_at_4
100014,4,0,,0,0,0,rw_ev_main_2026_06_sp_at_5
100014,5,0,,0,0,0,rw_ev_main_2026_06_sp_at_6
100014,6,0,,0,0,0,rw_ev_main_2026_06_sp_at_7
100015,0,0,,0,0,0,rw_ev_main_2026_06_sp_pass_1
100015,1,0,,0,0,0,rw_ev_main_2026_06_sp_pass_2
100015,2,0,,0,0,0,rw_ev_main_2026_06_sp_pass_3
100015,3,0,,0,0,0,rw_ev_main_2026_06_sp_pass_4
100015,4,0,,0,0,0,rw_ev_main_2026_06_sp_pass_5
100015,5,0,,0,0,0,rw_ev_main_2026_06_sp_pass_6
100015,6,0,,0,0,0,rw_ev_main_2026_06_sp_pass_7
100015,7,0,,0,0,0,rw_ev_main_2026_06_sp_pass_8
100015,8,0,,0,0,0,rw_ev_main_2026_06_sp_pass_9
100015,9,0,,0,0,0,rw_ev_main_2026_06_sp_pass_10
100015,10,0,,0,0,0,rw_ev_main_2026_06_sp_pass_11
100015,11,0,,0,0,0,rw_ev_main_2026_06_sp_pass_12
100015,12,0,,0,0,0,rw_ev_main_2026_06_sp_pass_13
100015,13,0,,0,0,0,rw_ev_main_2026_06_sp_pass_14
100015,14,0,,0,0,0,rw_ev_main_2026_06_sp_pass_15
100015,15,0,,0,0,0,rw_ev_main_2026_06_sp_pass_16
100015,16,0,,0,0,0,rw_ev_main_2026_06_sp_pass_17
100015,17,0,,0,0,0,rw_ev_main_2026_06_sp_pass_18
100015,18,0,,0,0,0,rw_ev_main_2026_06_sp_pass_19
100016,0,999,,1000,0,0,rw_ev_main_2026_06_sp_pass_repeat
100017,0,0,,0,0,0,rw_ev_main_2026_07_at_1
100017,1,0,,0,0,0,rw_ev_main_2026_07_at_2
100017,2,0,,0,0,0,rw_ev_main_2026_07_at_3
100017,3,0,,0,0,0,rw_ev_main_2026_07_at_4
100017,4,0,,0,0,0,rw_ev_main_2026_07_at_5
100017,5,0,,0,0,0,rw_ev_main_2026_07_at_6
100017,6,0,,0,0,0,rw_ev_main_2026_07_at_7
100017,7,0,,0,0,0,rw_ev_main_2026_07_at_8
100017,8,0,,0,0,0,rw_ev_main_2026_07_at_9
100017,9,0,,0,0,0,rw_ev_main_2026_07_at_10
100017,10,0,,0,0,0,rw_ev_main_2026_07_at_11
100017,11,0,,0,0,0,rw_ev_main_2026_07_at_12
100017,12,0,,0,0,0,rw_ev_main_2026_07_at_13
100017,13,0,,0,0,0,rw_ev_main_2026_07_at_14
100017,14,0,,0,0,0,rw_ev_main_2026_07_at_15
100018,0,0,,0,0,0,rw_ev_main_2026_07_pass_1
100018,1,0,,0,0,0,rw_ev_main_2026_07_pass_2
100018,2,0,,0,0,0,rw_ev_main_2026_07_pass_3
100018,3,0,,0,0,0,rw_ev_main_2026_07_pass_4
100018,4,0,,0,0,0,rw_ev_main_2026_07_pass_5
100018,5,0,,0,0,0,rw_ev_main_2026_07_pass_6
100018,6,0,,0,0,0,rw_ev_main_2026_07_pass_7
100018,7,0,,0,0,0,rw_ev_main_2026_07_pass_8
100018,8,0,,0,0,0,rw_ev_main_2026_07_pass_9
100018,9,0,,0,0,0,rw_ev_main_2026_07_pass_10
100018,10,0,,0,0,0,rw_ev_main_2026_07_pass_11
100018,11,0,,0,0,0,rw_ev_main_2026_07_pass_12
100018,12,0,,0,0,0,rw_ev_main_2026_07_pass_13
100018,13,0,,0,0,0,rw_ev_main_2026_07_pass_14
100018,14,0,,0,0,0,rw_ev_main_2026_07_pass_15
100018,15,0,,0,0,0,rw_ev_main_2026_07_pass_16
100018,16,0,,0,0,0,rw_ev_main_2026_07_pass_17
100018,17,0,,0,0,0,rw_ev_main_2026_07_pass_18
100018,18,0,,0,0,0,rw_ev_main_2026_07_pass_19
100018,19,0,,0,0,0,rw_ev_main_2026_07_pass_20
100018,20,0,,0,0,0,rw_ev_main_2026_07_pass_21
100018,21,0,,0,0,0,rw_ev_main_2026_07_pass_22
100018,22,0,,0,0,0,rw_ev_main_2026_07_pass_23
100018,23,0,,0,0,0,rw_ev_main_2026_07_pass_24
100018,24,0,,0,0,0,rw_ev_main_2026_07_pass_25
100018,25,0,,0,0,0,rw_ev_main_2026_07_pass_26
100018,26,0,,0,0,0,rw_ev_main_2026_07_pass_27
100018,27,0,,0,0,0,rw_ev_main_2026_07_pass_28
100018,28,0,,0,0,0,rw_ev_main_2026_07_pass_29
100019,0,0,,0,0,0,rw_ev_main_2026_07_pass_epic_1
100019,1,0,,0,0,0,rw_ev_main_2026_07_pass_epic_2
100019,2,0,,0,0,0,rw_ev_main_2026_07_pass_epic_3
100019,3,0,,0,0,0,rw_ev_main_2026_07_pass_epic_4
100019,4,0,,0,0,0,rw_ev_main_2026_07_pass_epic_5
100019,5,0,,0,0,0,rw_ev_main_2026_07_pass_epic_6
100019,6,0,,0,0,0,rw_ev_main_2026_07_pass_epic_7
100019,7,0,,0,0,0,rw_ev_main_2026_07_pass_epic_8
100019,8,0,,0,0,0,rw_ev_main_2026_07_pass_epic_9
100019,9,0,,0,0,0,rw_ev_main_2026_07_pass_epic_10
100019,10,0,,0,0,0,rw_ev_main_2026_07_pass_epic_11
100019,11,0,,0,0,0,rw_ev_main_2026_07_pass_epic_12
100019,12,0,,0,0,0,rw_ev_main_2026_07_pass_epic_13
100019,13,0,,0,0,0,rw_ev_main_2026_07_pass_epic_14
100019,14,0,,0,0,0,rw_ev_main_2026_07_pass_epic_15
100019,15,0,,0,0,0,rw_ev_main_2026_07_pass_epic_16
100019,16,0,,0,0,0,rw_ev_main_2026_07_pass_epic_17
100019,17,0,,0,0,0,rw_ev_main_2026_07_pass_epic_18
100019,18,0,,0,0,0,rw_ev_main_2026_07_pass_epic_19
100019,19,0,,0,0,0,rw_ev_main_2026_07_pass_epic_20
100019,20,0,,0,0,0,rw_ev_main_2026_07_pass_epic_21
100019,21,0,,0,0,0,rw_ev_main_2026_07_pass_epic_22
100019,22,0,,0,0,0,rw_ev_main_2026_07_pass_epic_23
100019,23,0,,0,0,0,rw_ev_main_2026_07_pass_epic_24
100019,24,0,,0,0,0,rw_ev_main_2026_07_pass_epic_25
100019,25,0,,0,0,0,rw_ev_main_2026_07_pass_epic_26
100019,26,0,,0,0,0,rw_ev_main_2026_07_pass_epic_27
100019,27,0,,0,0,0,rw_ev_main_2026_07_pass_epic_28
100019,28,0,,0,0,0,rw_ev_main_2026_07_pass_epic_29
100020,0,999,,1000,0,0,rw_ev_main_2026_07_pass_repeat
100021,0,0,,0,0,0,rw_ev_main_2026_07_point_25
100022,0,0,,0,0,0,rw_ev_main_2026_07_point_25
100023,0,0,,0,0,0,rw_ev_main_2026_07_point_25
100024,0,0,,0,0,0,rw_ev_main_2026_07_point_25
100025,0,0,,0,0,0,rw_ev_main_2026_07_point_25
100026,0,0,,0,0,0,rw_ev_main_2026_07_point_25
