ProductId,Prefab,CostType,Price,CashPrice,TrackingCategory,TrackingPrice,StoreProductId,IsNonConsumableProduct,PlacementId,ItemGameMode,ItemType,ItemId,ItemSubId,ItemGrade,Delay,PurchaseSharedProductId,PurchaseSharedValue,RewardId,BonusTextKey,BonusTextArgument,NameTextKey,NameTextArgument,DescTextKey,DescTextArgument
pr_ms_default,,0,,0,,0,,False,,0,0,0,0,0,0,,0,rw_pr_ms_total,,,,,,
pr_ms_ads,,Cash,,7.99,Membership,749,ms_ads,False,,0,0,0,0,0,0,,0,rw_pr_ms_ads,,,,,,
pr_ms_booster,,Cash,,7.99,Membership,749,ms_booster,False,,0,0,0,0,0,0,,0,rw_pr_ms_booster,,,,,,
pr_ms_mission,,Cash,,7.99,Membership,749,ms_mission,False,,0,0,0,0,0,0,,0,rw_pr_ms_mission,,,,,,
pr_ms_power,,Cash,,7.99,Membership,749,ms_power,False,,0,0,0,0,0,0,,0,rw_pr_ms_power,,,,,,
pr_ms_soul,,Cash,,22.99,Membership,2199,ms_soul,False,,0,0,0,0,0,0,,0,rw_pr_ms_soul,,,,,,
pr_ms_science,,Cash,,37.99,Membership,3599,ms_science,False,,0,0,0,0,0,0,,0,rw_pr_ms_science,,,,,,
pr_ms_quantum,,Cash,,37.99,Membership,3599,ms_quantum,False,,0,0,0,0,0,0,,0,rw_pr_ms_quantum,,,,,,
pr_rank_pass_epic,,Cash,,14.99,Pass,1399,rank_pass_epic,False,,0,0,0,0,0,0,,0,rw_pr_rank_pass_epic,,,,,,
pr_rank_pass_epic_2,,Cash,,14.99,Pass,1399,rank_pass_epic_2,False,,0,0,0,0,0,0,,0,rw_pr_rank_pass_epic_2,,,,,,
pr_rank_pass_epic_3,,Cash,,14.99,Pass,1399,rank_pass_epic_3,False,,0,0,0,0,0,0,,0,rw_pr_rank_pass_epic_3,,,,,,
pr_rank_pass_epic_4,,Cash,,14.99,Pass,1399,rank_pass_epic_4,False,,0,0,0,0,0,0,,0,rw_pr_rank_pass_epic_4,,,,,,
pr_rank_pass_epic_5,,Cash,,14.99,Pass,1399,rank_pass_epic_5,False,,0,0,0,0,0,0,,0,rw_pr_rank_pass_epic_5,,,,,,
pr_rank_pass_epic_6,,Cash,,14.99,Pass,1399,rank_pass_epic_6,False,,0,0,0,0,0,0,,0,rw_pr_rank_pass_epic_6,,,,,,
pr_field_pass_epic,,Cash,,14.99,Pass,1399,field_pass_epic,False,,0,0,0,0,0,0,,0,rw_pr_field_pass_epic,,,,,,
pr_field_pass_epic_2,,Cash,,14.99,Pass,1399,field_pass_epic_2,False,,0,0,0,0,0,0,,0,rw_pr_field_pass_epic_2,,,,,,
pr_field_pass_epic_3,,Cash,,14.99,Pass,1399,field_pass_epic_3,False,,0,0,0,0,0,0,,0,rw_pr_field_pass_epic_3,,,,,,
pr_field_pass_epic_4,,Cash,,14.99,Pass,1399,field_pass_epic_4,False,,0,0,0,0,0,0,,0,rw_pr_field_pass_epic_4,,,,,,
pr_field_pass_epic_5,,Cash,,14.99,Pass,1399,field_pass_epic_5,False,,0,0,0,0,0,0,,0,rw_pr_field_pass_epic_5,,,,,,
pr_field_pass_epic_6,,Cash,,14.99,Pass,1399,field_pass_epic_6,False,,0,0,0,0,0,0,,0,rw_pr_field_pass_epic_6,,,,,,
pr_gem_free,,0,,0,,0,,False,,0,0,0,0,0,0,,0,rw_pr_gem_free,,,,,,
pr_gem_ads,,Ads,,0,,0,,False,gem,0,0,0,0,0,300,,0,rw_pr_gem_ads,,,,,,
pr_gem_1,,Cash,,0.99,Gem,99,gem_1,False,,0,0,0,0,0,0,,0,rw_pr_gem_1,,,,,,
pr_gem_2,,Cash,,4.99,Gem,449,gem_2,False,,0,0,0,0,0,0,,0,rw_pr_gem_2,bonus_amount,10,,,,
pr_gem_3,,Cash,,9.99,Gem,949,gem_3,False,,0,0,0,0,0,0,,0,rw_pr_gem_3,bonus_amount,15,,,,
pr_gem_4,,Cash,,19.99,Gem,1899,gem_4,False,,0,0,0,0,0,0,,0,rw_pr_gem_4,bonus_amount,20,,,,
pr_gem_5,,Cash,,49.99,Gem,4699,gem_5,False,,0,0,0,0,0,0,,0,rw_pr_gem_5,bonus_amount,25,,,,
pr_main_spell_book_ads,,Ads,,0,,0,,False,spell_book,0,0,0,0,0,300,,0,rw_pr_main_spell_book_ads,,,,,,
pr_main_spell_book_1,,Item,,0,,0,,False,,0,Gem,0,0,0,0,,0,rw_pr_main_spell_book_1,bonus_amount,10,,,,
pr_main_spell_book_2,,Item,,0,,0,,False,,0,Gem,0,0,0,0,,0,rw_pr_main_spell_book_2,bonus_amount,25,,,,
pr_clock_1,,Item,,0,,0,,False,,0,Gem,0,0,0,0,,0,rw_pr_clock_1,,,,,,
pr_clock_2,,Item,,0,,0,,False,,0,Gem,0,0,0,0,,0,rw_pr_clock_2,bonus_amount,25,,,,
pr_clock_gold_1,,Item,,0,,0,,False,,0,Gem,0,0,0,0,,0,rw_pr_clock_gold_1,,,,,,
pr_main_super_basic_1,,Cash,,0.1,SuperSale,10,main_super_basic_1,False,,0,0,0,0,0,0,,0,rw_pr_main_super_basic_1,,,,,,
pr_main_super_basic_2,,Cash,,0.3,SuperSale,30,main_super_basic_2,False,,0,0,0,0,0,0,,0,rw_pr_main_super_basic_2,,,,,,
pr_main_super_basic_3,,Cash,,0.5,SuperSale,49,main_super_basic_3,False,,0,0,0,0,0,0,,0,rw_pr_main_super_basic_3,,,,,,
pr_main_super_basic_1_ios,,Cash,,0.3,SuperSale,30,main_super_basic_1_ios,False,,0,0,0,0,0,0,,0,rw_pr_main_super_basic_1_ios,,,,,,
pr_main_super_basic_2_ios,,Cash,,0.5,SuperSale,49,main_super_basic_2_ios,False,,0,0,0,0,0,0,,0,rw_pr_main_super_basic_2_ios,,,,,,
pr_main_super_basic_3_ios,,Cash,,0.7,SuperSale,69,main_super_basic_3_ios,False,,0,0,0,0,0,0,,0,rw_pr_main_super_basic_3_ios,,,,,,
pr_main_rank_5,base_special_pkg,Item,,0,,0,,False,,0,Gem,0,0,0,0,,0,rw_pr_main_rank_5,product_value,3,,,,
pr_main_rank_7,base_special_pkg,Item,,0,,0,,False,,0,Gem,0,0,0,0,,0,rw_pr_main_rank_7,product_value,3,,,,
pr_main_rank_9,base_special_pkg,Item,,0,,0,,False,,0,Gem,0,0,0,0,,0,rw_pr_main_rank_9,product_value,3,,,,
pr_main_rank_11,base_special_pkg,Item,,0,,0,,False,,0,Gem,0,0,0,0,,0,rw_pr_main_rank_11,product_value,3,,,,
pr_main_rank_13,base_special_pkg,Item,,0,,0,,False,,0,Gem,0,0,0,0,,0,rw_pr_main_rank_13,product_value,3.5,,,,
pr_main_rank_15,base_special_pkg,Item,,0,,0,,False,,0,Gem,0,0,0,0,,0,rw_pr_main_rank_15,product_value,3.5,,,,
pr_main_rank_17,base_special_pkg,Item,,0,,0,,False,,0,Gem,0,0,0,0,,0,rw_pr_main_rank_17,product_value,3.5,,,,
pr_main_rank_19,base_special_pkg,Item,,0,,0,,False,,0,Gem,0,0,0,0,,0,rw_pr_main_rank_19,product_value,3.5,,,,
pr_main_rank_22,base_special_pkg,Item,,0,,0,,False,,0,Gem,0,0,0,0,,0,rw_pr_main_rank_22,product_value,3.5,,,,
pr_main_rank_25,base_special_pkg,Item,,0,,0,,False,,0,Gem,0,0,0,0,,0,rw_pr_main_rank_25,product_value,3.5,,,,
pr_main_rank_28,base_special_pkg,Item,,0,,0,,False,,0,Gem,0,0,0,0,,0,rw_pr_main_rank_28,product_value,3.5,,,,
pr_main_rank_31,base_special_pkg,Item,,0,,0,,False,,0,Gem,0,0,0,0,,0,rw_pr_main_rank_31,product_value,4,,,,
pr_main_rank_34,base_special_pkg,Item,,0,,0,,False,,0,Gem,0,0,0,0,,0,rw_pr_main_rank_34,product_value,4,,,,
pr_main_rank_37,base_special_pkg,Item,,0,,0,,False,,0,Gem,0,0,0,0,,0,rw_pr_main_rank_37,product_value,4,,,,
pr_main_rank_40,base_special_pkg,Item,,0,,0,,False,,0,Gem,0,0,0,0,,0,rw_pr_main_rank_40,product_value,4,,,,
pr_main_rank_43,base_special_pkg,Item,,0,,0,,False,,0,Gem,0,0,0,0,,0,rw_pr_main_rank_43,product_value,4,,,,
pr_main_rank_46,base_special_pkg,Item,,0,,0,,False,,0,Gem,0,0,0,0,,0,rw_pr_main_rank_46,product_value,4,,,,
pr_main_rank_49,base_special_pkg,Item,,0,,0,,False,,0,Gem,0,0,0,0,,0,rw_pr_main_rank_49,product_value,4,,,,
pr_main_rank_52,base_special_pkg,Item,,0,,0,,False,,0,Gem,0,0,0,0,,0,rw_pr_main_rank_52,product_value,4,,,,
pr_main_rank_55,base_special_pkg,Item,,0,,0,,False,,0,Gem,0,0,0,0,,0,rw_pr_main_rank_55,product_value,4,,,,
pr_main_rank_58,base_special_pkg,Item,,0,,0,,False,,0,Gem,0,0,0,0,,0,rw_pr_main_rank_58,product_value,5,,,,
pr_main_rank_61,base_special_pkg,Item,,0,,0,,False,,0,Gem,0,0,0,0,,0,rw_pr_main_rank_61,product_value,5,,,,
pr_main_rank_64,base_special_pkg,Item,,0,,0,,False,,0,Gem,0,0,0,0,,0,rw_pr_main_rank_64,product_value,5,,,,
pr_main_rank_67,base_special_pkg,Item,,0,,0,,False,,0,Gem,0,0,0,0,,0,rw_pr_main_rank_67,product_value,5,,,,
pr_main_rank_70,base_special_pkg,Item,,0,,0,,False,,0,Gem,0,0,0,0,,0,rw_pr_main_rank_70,product_value,5,,,,
pr_main_rank_73,base_special_pkg,Item,,0,,0,,False,,0,Gem,0,0,0,0,,0,rw_pr_main_rank_73,product_value,7,,,,
pr_main_offer_grow,base_special_pkg,Item,,0,,0,,False,,0,Gem,0,0,0,0,,0,rw_pr_main_offer_grow,product_value,3,,,,
pr_main_offer_legend_card,base_special_pkg,Item,,0,,0,,False,,0,Gem,0,0,0,0,,0,rw_pr_main_offer_legend_card,product_value,3,,,,
pr_main_special_legend_card,base_special_monthly_pkg,Cash,,9.99,MonthlySpecial,949,main_special_legend_card,False,,0,0,0,0,0,0,,0,rw_pr_main_special_legend_card,product_value,5,,,,
pr_science_pkg,base_special_monthly_pkg,Cash,,9.99,MonthlySpecial,949,pr_science_pkg,False,,0,0,0,0,0,0,,0,rw_pr_science_pkg,product_value,5,,,,
pr_mine_pkg,base_special_monthly_pkg,Cash,,9.99,MonthlySpecial,949,pr_mine_pkg,False,,0,0,0,0,0,0,,0,rw_pr_mine_pkg,product_value,7,,,,
pr_main_monthly_grow,base_special_monthly_pkg,Cash,,37.99,MonthlySpecial,3599,main_monthly_grow,False,,0,0,0,0,0,0,,0,rw_pr_main_monthly_grow,product_value,4,,,,
pr_gem_huge_pkg,base_special_monthly_pkg,Cash,,49.99,MonthlySpecial,4699,pr_gem_huge_pkg,False,,0,0,0,0,0,0,,0,rw_pr_gem_huge_pkg,product_value,4,,,,
pr_spell_book_huge_pkg,base_special_monthly_pkg,Cash,,49.99,MonthlySpecial,4699,pr_spell_book_huge_pkg,False,,0,0,0,0,0,0,,0,rw_pr_spell_book_huge_pkg,product_value,5,,,,
pr_main_special_gem,base_special_weekly_pkg,Cash,,9.99,WeeklySpecial,949,main_special_gem,False,,0,0,0,0,0,0,,0,rw_pr_main_special_gem,product_value,3,,,,
pr_main_special_spell_book,base_special_weekly_pkg,Cash,,4.99,WeeklySpecial,449,main_special_spell_book,False,,0,0,0,0,0,0,,0,rw_pr_main_special_spell_book,product_value,2.5,,,,
pr_spell_book_special_pkg,base_special_weekly_pkg,Cash,,9.99,WeeklySpecial,949,pr_spell_book_special_pkg,False,,0,0,0,0,0,0,,0,rw_pr_spell_book_special_pkg,product_value,3.5,,,,
pr_challenge_pkg,base_special_weekly_pkg,Cash,,4.99,WeeklySpecial,449,pr_challenge_pkg,False,,0,0,0,0,0,0,,0,rw_pr_challenge_pkg,product_value,3,,,,
pr_item_legend_a,base_special_weekly_pkg,Cash,,15.99,WeeklySpecial,1499,item_legend_a,False,,0,0,0,0,0,0,,0,rw_pr_item_legend_a,product_value,6,,,,
pr_item_legend_b,base_special_weekly_pkg,Cash,,11.99,WeeklySpecial,1099,item_legend_b,False,,0,0,0,0,0,0,,0,rw_pr_item_legend_b,product_value,6,,,,
pr_item_epic_a,base_special_weekly_pkg,Cash,,7.99,WeeklySpecial,749,item_epic_a,False,,0,0,0,0,0,0,,0,rw_pr_item_epic_a,product_value,6,,,,
pr_item_epic_b,base_special_weekly_pkg,Cash,,5.99,WeeklySpecial,549,item_epic_b,False,,0,0,0,0,0,0,,0,rw_pr_item_epic_b,product_value,6,,,,
pr_main_weekly_free,base_special_weekly_pkg,Ads,,0,,0,,False,package,0,0,0,0,0,300,,0,rw_pr_main_weekly_free,,,,,,
pr_main_pkg_spell_book,base_special_daily_pkg,Cash,,5.99,DailySpecial,549,main_pkg_spell_book,False,,0,0,0,0,0,0,,0,rw_pr_main_pkg_spell_book,product_value,3,,,,
pr_daily_cat,base_special_daily_pkg,Cash,,4.99,DailySpecial,449,daily_cat,False,,0,0,0,0,0,0,,0,rw_pr_daily_cat,product_value,3,,,,
pr_main_daily_free,base_special_daily_pkg,Ads,,0,,0,,False,package,0,0,0,0,0,300,,0,rw_pr_main_daily_free,,,,,,
pr_main_gacha_free,,0,,0,,0,,False,,0,0,0,0,0,0,,0,rw_main_gacha_1,,,,,,
pr_main_gacha_ads,,Ads,,0,,0,,False,gacha,0,0,0,0,0,300,,0,rw_main_gacha_1,,,,,,
pr_main_gacha_1,,Item,,0,,0,,False,,0,Gem,0,0,0,0,,0,rw_main_gacha_1,,,,,,
pr_main_gacha_10,,Item,,0,,0,,False,,0,Gem,0,0,0,0,,0,rw_main_gacha_10,,,,,,
pr_main_gacha_ticket_1,,Item,,0,,0,,False,,Main,CardTicket,1,0,0,0,,0,rw_main_gacha_1,,,,,,
pr_main_gacha_ticket_10,,Item,,0,,0,,False,,Main,CardTicket,1,0,0,0,,0,rw_main_gacha_10,,,,,,
pr_main_gacha_epic_1,,Item,,0,,0,,False,,Main,CardTicket,4,0,0,0,,0,rw_main_gacha_epic_1,,,,,,
pr_main_gacha_epic_10,,Item,,0,,0,,False,,Main,CardTicket,4,0,0,0,,0,rw_main_gacha_epic_10,,,,,,
pr_main_gacha_legend_1,,Item,,0,,0,,False,,Main,CardTicket,2,0,0,0,,0,rw_main_gacha_legend_1,,,,,,
pr_main_gacha_legend_10,,Item,,0,,0,,False,,Main,CardTicket,2,0,0,0,,0,rw_main_gacha_legend_10,,,,,,
pr_main_gacha_legend_select,,Item,,0,,0,,False,,Main,CardTicket,3,0,0,0,,0,rw_main_gacha_legend_select,,,,,,
pr_item_rare,,Item,,0,,0,,False,,0,Gem,0,0,0,0,,0,rw_pr_item_rare,,,,,,
pr_item_heroic,,Item,,0,,0,,False,,0,Gem,0,0,0,0,,0,rw_pr_item_heroic,,,,,,
pr_item_epic,,Item,,0,,0,,False,,0,Gem,0,0,0,0,,0,rw_pr_item_epic,,,,,,
pr_prism_pass_3_free,,0,,0,,0,,False,,0,0,0,0,0,0,,0,rw_pr_prism_pass_3,,,,,,
pr_prism_pass_3,,Cash,,1.99,PrismPass,199,pr_prism_pass_3,False,,0,0,0,0,0,0,,0,rw_pr_prism_pass_3,,,,,,
pr_prism_pass_7,,Cash,,3.99,PrismPass,399,pr_prism_pass_7,False,,0,0,0,0,0,0,,0,rw_pr_prism_pass_7,,,,,,
pr_prism_pass_30,,Cash,,14.99,PrismPass,1499,pr_prism_pass_30,False,,0,0,0,0,0,0,,0,rw_pr_prism_pass_30,,,,,,
pr_prism_pass_30_s,,Cash,,9.99,PrismPass,999,pr_prism_pass_30_s,False,,0,0,0,0,0,0,,0,rw_pr_prism_pass_30,,,,,,
pr_prism_sp_card,base_prism_special_pkg,Cash,,49.99,PrismSpecial,4699,pr_prism_sp_card,False,,0,0,0,0,0,0,,0,rw_pr_prism_sp_card,product_value,4,,,,
pr_prism_sp_clock,base_prism_special_pkg,Cash,,14.99,PrismSpecial,1499,pr_prism_sp_clock,False,,0,0,0,0,0,0,,0,rw_pr_prism_sp_clock,product_value,4,,,,
pr_prism_sp_bless,base_prism_special_pkg,Cash,,14.99,PrismSpecial,1499,pr_prism_sp_bless,False,,0,0,0,0,0,0,,0,rw_pr_prism_sp_bless,product_value,4,,,,
pr_prism_sp_book,base_prism_special_pkg,Cash,,14.99,PrismSpecial,1499,pr_prism_sp_book,False,,0,0,0,0,0,0,,0,rw_pr_prism_sp_book,product_value,5,,,,
pr_prism_card_3,,Item,,0,,0,,False,,0,PrismKey,0,0,0,0,,0,rw_pr_prism_card_3,discount,15,,,,
pr_prism_card_1,,Item,,0,,0,,False,,0,PrismKey,0,0,0,0,,0,rw_pr_prism_card_1,,,,,,
pr_prism_pkg_clock,base_prism_pkg,Item,,0,,0,,False,,0,PrismKey,0,0,0,0,,0,rw_pr_prism_pkg_clock,discount,20,,,,
pr_prism_pkg_exceed,base_prism_pkg,Item,,0,,0,,False,,0,PrismKey,0,0,0,0,,0,rw_pr_prism_pkg_exceed,discount,20,,,,
pr_prism_pkg_map,base_prism_pkg,Item,,0,,0,,False,,0,PrismKey,0,0,0,0,,0,rw_pr_prism_pkg_map,discount,20,,,,
pr_prism_pkg_scroll,base_prism_pkg,Item,,0,,0,,False,,0,PrismKey,0,0,0,0,,0,rw_pr_prism_pkg_scroll,discount,20,,,,
pr_prism_pkg_prism,base_prism_pkg,Item,,0,,0,,False,,0,PrismKey,0,0,0,0,,0,rw_pr_prism_pkg_prism,discount,20,,,,
pr_prism_pkg_prism_deluxe,base_prism_pkg,Item,,0,,0,,False,,0,PrismKey,0,0,0,0,,0,rw_pr_prism_pkg_prism_deluxe,discount,25,,,,
pr_prism_pkg_ruin,base_prism_pkg,Item,,0,,0,,False,,0,PrismKey,0,0,0,0,,0,rw_pr_prism_pkg_ruin,discount,20,,,,
pr_prism_pkg_dimension,base_prism_pkg,Item,,0,,0,,False,,0,PrismKey,0,0,0,0,,0,rw_pr_prism_pkg_dimension,discount,20,,,,
pr_prism_pkg_collapse,base_prism_pkg,Item,,0,,0,,False,,0,PrismKey,0,0,0,0,,0,rw_pr_prism_pkg_collapse,discount,25,,,,
pr_prism_item_gem_large,base_prism_item,Item,,0,,0,,False,,0,PrismKey,0,0,0,0,,0,rw_pr_prism_item_gem_large,,,,,,
pr_prism_item_spell_book_large,base_prism_item,Item,,0,,0,,False,,0,PrismKey,0,0,0,0,,0,rw_pr_prism_item_spell_book_large,,,,,,
pr_prism_item_challenge,base_prism_item,Item,,0,,0,,False,,0,PrismKey,0,0,0,0,,0,rw_pr_prism_item_challenge,,,,,,
pr_prism_item_clock_gold,base_prism_item,Item,,0,,0,,False,,0,PrismKey,0,0,0,0,,0,rw_pr_prism_item_clock_gold,,,,,,
pr_prism_item_map_gold,base_prism_item,Item,,0,,0,,False,,0,PrismKey,0,0,0,0,,0,rw_pr_prism_item_map_gold,,,,,,
pr_prism_item_scroll_gold,base_prism_item,Item,,0,,0,,False,,0,PrismKey,0,0,0,0,,0,rw_pr_prism_item_scroll_gold,,,,,,
pr_prism_item_book,base_prism_item,Item,,0,,0,,False,,0,PrismKey,0,0,0,0,,0,rw_pr_prism_item_book,,,,,,
pr_prism_item_prism_stone,base_prism_item,Item,,0,,0,,False,,0,PrismKey,0,0,0,0,,0,rw_pr_prism_item_prism_stone,,,,,,
pr_prism_item_prism_cube,base_prism_item,Item,,0,,0,,False,,0,PrismKey,0,0,0,0,,0,rw_pr_prism_item_prism_cube,,,,,,
pr_prism_item_ruin_stone,base_prism_item,Item,,0,,0,,False,,0,PrismKey,0,0,0,0,,0,rw_pr_prism_item_ruin_stone,,,,,,
pr_prism_item_d_star,base_prism_item,Item,,0,,0,,False,,0,PrismKey,0,0,0,0,,0,rw_pr_prism_item_d_star,,,,,,
pr_prism_item_collapse_stone,base_prism_item,Item,,0,,0,,False,,0,PrismKey,0,0,0,0,,0,rw_pr_prism_item_collapse_stone,,,,,,
pr_prism_item_gem,base_prism_item,Item,,0,,0,,False,,0,PrismKey,0,0,0,0,,0,rw_pr_prism_item_gem,,,,,,
pr_prism_item_spell_book,base_prism_item,Item,,0,,0,,False,,0,PrismKey,0,0,0,0,,0,rw_pr_prism_item_spell_book,,,,,,
pr_prism_item_clock,base_prism_item,Item,,0,,0,,False,,0,PrismKey,0,0,0,0,,0,rw_pr_prism_item_clock,,,,,,
pr_prism_item_blessing,base_prism_item,Item,,0,,0,,False,,0,PrismKey,0,0,0,0,,0,rw_pr_prism_item_blessing,,,,,,
pr_prism_item_ex_star,base_prism_item,Item,,0,,0,,False,,0,PrismKey,0,0,0,0,,0,rw_pr_prism_item_ex_star,,,,,,
pr_prism_item_map,base_prism_item,Item,,0,,0,,False,,0,PrismKey,0,0,0,0,,0,rw_pr_prism_item_map,,,,,,
pr_prism_item_scroll,base_prism_item,Item,,0,,0,,False,,0,PrismKey,0,0,0,0,,0,rw_pr_prism_item_scroll,,,,,,
pr_prism_item_prism_crystal,base_prism_item,Item,,0,,0,,False,,0,PrismKey,0,0,0,0,,0,rw_pr_prism_item_prism_crystal,,,,,,
pr_prism_item_ruin_shard,base_prism_item,Item,,0,,0,,False,,0,PrismKey,0,0,0,0,,0,rw_pr_prism_item_ruin_shard,,,,,,
pr_prism_item_d_shard,base_prism_item,Item,,0,,0,,False,,0,PrismKey,0,0,0,0,,0,rw_pr_prism_item_d_shard,,,,,,
pr_prism_item_collapse_shard,base_prism_item,Item,,0,,0,,False,,0,PrismKey,0,0,0,0,,0,rw_pr_prism_item_collapse_shard,,,,,,
pr_prism_key_gem,,Item,,0,,0,,False,,0,Gem,0,0,0,0,,0,rw_pr_prism_key_gem,,,,,,
pr_prism_key_1,,Cash,,9.99,Prism,949,pr_prism_key_1,False,,0,0,0,0,0,0,,0,rw_pr_prism_key_1,bonus_count,1,,,,
pr_prism_gacha_1,,Item,,0,,0,,False,,0,PrismKey,0,0,0,0,,0,rw_pr_prism_gacha_1,,,,,,
pr_prism_gacha_ticket_1,,Item,,0,,0,,False,,0,PrismTicket,0,0,0,0,,0,rw_pr_prism_gacha_1,,,,,,
pr_prism_gacha_10,,Item,,0,,0,,False,,0,PrismKey,0,0,0,0,pr_prism_gacha_1,10,rw_pr_prism_gacha_10,,,,,,
pr_prism_gacha_ticket_10,,Item,,0,,0,,False,,0,PrismTicket,0,0,0,0,,0,rw_pr_prism_gacha_10,,,,,,
pr_mile_monthly_prism_pass,pr_mileage_monthly,Item,,0,,0,,False,,0,Mileage,0,0,0,0,,0,rw_pr_mile_monthly_prism_pass,,,,,,
pr_mile_monthly_prism_key,pr_mileage_monthly,Item,,0,,0,,False,,0,Mileage,0,0,0,0,,0,rw_pr_mile_monthly_prism_key,,,,,,
pr_mile_monthly_gem,pr_mileage_monthly,Item,,0,,0,,False,,0,Mileage,0,0,0,0,,0,rw_pr_mile_monthly_gem,,,,,,
pr_mile_monthly_spell_book,pr_mileage_monthly,Item,,0,,0,,False,,0,Mileage,0,0,0,0,,0,rw_pr_mile_monthly_spell_book,,,,,,
pr_mile_weekly_prism_crystal,pr_mileage_weekly,Item,,0,,0,,False,,0,Mileage,0,0,0,0,,0,rw_pr_mile_weekly_prism_crystal,,,,,,
pr_mile_weekly_prism_stone,pr_mileage_weekly,Item,,0,,0,,False,,0,Mileage,0,0,0,0,,0,rw_pr_mile_weekly_prism_stone,,,,,,
pr_mile_weekly_magic_clock,pr_mileage_weekly,Item,,0,,0,,False,,0,Mileage,0,0,0,0,,0,rw_pr_mile_weekly_magic_clock,,,,,,
pr_mile_weekly_magic_clock_gold,pr_mileage_weekly,Item,,0,,0,,False,,0,Mileage,0,0,0,0,,0,rw_pr_mile_weekly_magic_clock_gold,,,,,,
pr_mile_weekly_map,pr_mileage_weekly,Item,,0,,0,,False,,0,Mileage,0,0,0,0,,0,rw_pr_mile_weekly_map,,,,,,
pr_mile_weekly_map_gold,pr_mileage_weekly,Item,,0,,0,,False,,0,Mileage,0,0,0,0,,0,rw_pr_mile_weekly_map_gold,,,,,,
pr_mile_weekly_scroll,pr_mileage_weekly,Item,,0,,0,,False,,0,Mileage,0,0,0,0,,0,rw_pr_mile_weekly_scroll,,,,,,
pr_mile_weekly_scroll_gold,pr_mileage_weekly,Item,,0,,0,,False,,0,Mileage,0,0,0,0,,0,rw_pr_mile_weekly_scroll_gold,,,,,,
pr_mile_weekly_book,pr_mileage_weekly,Item,,0,,0,,False,,0,Mileage,0,0,0,0,,0,rw_pr_mile_weekly_book,,,,,,
pr_mile_weekly_blessing,pr_mileage_weekly,Item,,0,,0,,False,,0,Mileage,0,0,0,0,,0,rw_pr_mile_weekly_blessing,,,,,,
pr_mile_weekly_ex_star,pr_mileage_weekly,Item,,0,,0,,False,,0,Mileage,0,0,0,0,,0,rw_pr_mile_weekly_ex_star,,,,,,
pr_mile_weekly_ruin_shard,pr_mileage_weekly,Item,,0,,0,,False,,0,Mileage,0,0,0,0,,0,rw_pr_mile_weekly_ruin_shard,,,,,,
pr_mile_weekly_ruin_stone,pr_mileage_weekly,Item,,0,,0,,False,,0,Mileage,0,0,0,0,,0,rw_pr_mile_weekly_ruin_stone,,,,,,
pr_mile_weekly_d_shard,pr_mileage_weekly,Item,,0,,0,,False,,0,Mileage,0,0,0,0,,0,rw_pr_mile_weekly_d_shard,,,,,,
pr_mile_weekly_d_star,pr_mileage_weekly,Item,,0,,0,,False,,0,Mileage,0,0,0,0,,0,rw_pr_mile_weekly_d_star,,,,,,
pr_mile_weekly_ch_ticket,pr_mileage_weekly,Item,,0,,0,,False,,0,Mileage,0,0,0,0,,0,rw_pr_mile_weekly_ch_ticket,,,,,,
pr_mile_weekly_item_legend,pr_mileage_weekly,Item,,0,,0,,False,,0,Mileage,0,0,0,0,,0,rw_pr_mile_weekly_item_legend,,,,,,
pr_mile_weekly_item_mystic,pr_mileage_weekly,Item,,0,,0,,False,,0,Mileage,0,0,0,0,,0,rw_pr_mile_weekly_item_mystic,,,,,,
pr_mile_refresh,pr_mile_refresh,Ads,,0,,0,,False,mileage,0,0,0,0,0,300,,0,rw_pr_mile_refresh,,,,,,
pr_mile_gem,pr_mileage_daily,Item,,0,,0,,False,,0,Mileage,0,0,0,0,,0,rw_pr_mile_gem,,,,,,
pr_mile_spell_book,pr_mileage_daily,Item,,0,,0,,False,,0,Mileage,0,0,0,0,,0,rw_pr_mile_spell_book,,,,,,
pr_mile_blessing,pr_mileage_daily,Item,,0,,0,,False,,0,Mileage,0,0,0,0,,0,rw_pr_mile_blessing,,,,,,
pr_mile_ex_star,pr_mileage_daily,Item,,0,,0,,False,,0,Mileage,0,0,0,0,,0,rw_pr_mile_ex_star,,,,,,
pr_mile_ch_ticket,pr_mileage_daily,Item,,0,,0,,False,,0,Mileage,0,0,0,0,,0,rw_pr_mile_ch_ticket,,,,,,
pr_mile_clock,pr_mileage_daily,Item,,0,,0,,False,,0,Mileage,0,0,0,0,,0,rw_pr_mile_clock,,,,,,
pr_mile_clock_gold,pr_mileage_daily,Item,,0,,0,,False,,0,Mileage,0,0,0,0,,0,rw_pr_mile_clock_gold,,,,,,
pr_mile_item_rare,pr_mileage_daily,Item,,0,,0,,False,,0,Mileage,0,0,0,0,,0,rw_pr_mile_item_rare,,,,,,
pr_mile_item_heroic,pr_mileage_daily,Item,,0,,0,,False,,0,Mileage,0,0,0,0,,0,rw_pr_mile_item_heroic,,,,,,
pr_mile_item_epic,pr_mileage_daily,Item,,0,,0,,False,,0,Mileage,0,0,0,0,,0,rw_pr_mile_item_epic,,,,,,
pr_mile_item_legendary,pr_mileage_daily,Item,,0,,0,,False,,0,Mileage,0,0,0,0,,0,rw_pr_mile_item_legendary,,,,,,
pr_mile_card_common,pr_mileage_daily,Item,,0,,0,,False,,0,Mileage,0,0,0,0,,0,rw_pr_mile_card_common,,,,,,
pr_mile_card_superior,pr_mileage_daily,Item,,0,,0,,False,,0,Mileage,0,0,0,0,,0,rw_pr_mile_card_superior,,,,,,
pr_mile_card_rare,pr_mileage_daily,Item,,0,,0,,False,,0,Mileage,0,0,0,0,,0,rw_pr_mile_card_rare,,,,,,
pr_mile_card_heroic,pr_mileage_daily,Item,,0,,0,,False,,0,Mileage,0,0,0,0,,0,rw_pr_mile_card_heroic,,,,,,
pr_mile_card_epic,pr_mileage_daily,Item,,0,,0,,False,,0,Mileage,0,0,0,0,,0,rw_pr_mile_card_epic,,,,,,
pr_mile_card_legendary,pr_mileage_daily,Item,,0,,0,,False,,0,Mileage,0,0,0,0,,0,rw_pr_mile_card_legendary,,,,,,
pr_epic_gold,base_epic_pkg,Item,,0,,0,,False,,0,Gem,0,0,0,0,,0,rw_pr_epic_gold,,,,,desc_up_gold,+50
pr_epic_power,base_epic_pkg,Item,,0,,0,,False,,0,Gem,0,0,0,0,,0,rw_pr_epic_power,,,,,desc_up_power,+50
pr_epic_research,base_epic_pkg,Item,,0,,0,,False,,0,Gem,0,0,0,0,,0,rw_pr_epic_research,,,,,desc_up_researchcostdown,-50
pr_epic_rank,base_epic_pkg,Item,,0,,0,,False,,0,Gem,0,0,0,0,,0,rw_pr_epic_rank,,,,,desc_up_rankpowerdown,-50
pr_epic_weapon,base_epic_pkg,Item,,0,,0,,False,,0,Gem,0,0,0,0,,0,rw_pr_epic_weapon,,,,,desc_up_allweapondmg,+50
pr_epic_enhance,base_epic_pkg,Item,,0,,0,,False,,0,Gem,0,0,0,0,,0,rw_pr_epic_enhance,,,,,desc_up_weaponenhancecostdown,-50
pr_epic_brick,base_epic_pkg,Item,,0,,0,,False,,0,Gem,0,0,0,0,,0,rw_pr_epic_brick,,,,,desc_up_blockhpdown,-50
pr_epic_soul,base_epic_pkg,Item,,0,,0,,False,,0,Gem,0,0,0,0,,0,rw_pr_epic_soul,,,,,desc_up_prestigebonus,+100
pr_epic_gold_2,base_epic_pkg,Item,,0,,0,,False,,0,Gem,0,0,0,0,,0,rw_pr_epic_gold_2,,,,,desc_up_gold,+100
pr_epic_power_2,base_epic_pkg,Item,,0,,0,,False,,0,Gem,0,0,0,0,,0,rw_pr_epic_power_2,,,,,desc_up_power,+100
pr_epic_research_2,base_epic_pkg,Item,,0,,0,,False,,0,Gem,0,0,0,0,,0,rw_pr_epic_research_2,,,,,desc_up_researchcostdown,-66
pr_epic_rank_2,base_epic_pkg,Item,,0,,0,,False,,0,Gem,0,0,0,0,,0,rw_pr_epic_rank_2,,,,,desc_up_rankpowerdown,-66
pr_epic_weapon_2,base_epic_pkg,Item,,0,,0,,False,,0,Gem,0,0,0,0,,0,rw_pr_epic_weapon_2,,,,,desc_up_allweapondmg,+100
pr_epic_enhance_2,base_epic_pkg,Item,,0,,0,,False,,0,Gem,0,0,0,0,,0,rw_pr_epic_enhance_2,,,,,desc_up_weaponenhancecostdown,-66
pr_epic_brick_2,base_epic_pkg,Item,,0,,0,,False,,0,Gem,0,0,0,0,,0,rw_pr_epic_brick_2,,,,,desc_up_blockhpdown,-66
pr_epic_soul_2,base_epic_pkg,Item,,0,,0,,False,,0,Gem,0,0,0,0,,0,rw_pr_epic_soul_2,,,,,desc_up_prestigebonus,+200
pr_epic_soul_enhance,base_epic_pkg,Item,,0,,0,,False,,0,Gem,0,0,0,0,,0,rw_pr_epic_soul_enhance,,,,,desc_up_soulenhancemaxlevelup,+1
pr_epic_science,base_epic_pkg,Item,,0,,0,,False,,0,Gem,0,0,0,0,,0,rw_pr_epic_science,,,,,desc_up_sciencepoint,+50
pr_epic_soul_enhance_2,base_epic_pkg,Item,,0,,0,,False,,0,Gem,0,0,0,0,,0,rw_pr_epic_soul_enhance_2,,,,,desc_up_soulenhancemaxlevelup,+1
pr_epic_science_2,base_epic_pkg,Item,,0,,0,,False,,0,Gem,0,0,0,0,,0,rw_pr_epic_science_2,,,,,desc_up_sciencepoint,+100
pr_epic_forge,base_epic_pkg,Item,,0,,0,,False,,0,Gem,0,0,0,0,,0,rw_pr_epic_forge,,,,,desc_up_forgespeed,+5
pr_epic_battle,base_epic_pkg,Item,,0,,0,,False,,0,Gem,0,0,0,0,,0,rw_pr_epic_battle,,,,,desc_up_battlestat,+50
pr_epic_ether,base_epic_pkg,Item,,0,,0,,False,,0,Gem,0,0,0,0,,0,rw_pr_epic_ether,,,,,desc_up_ether,+25
pr_epic_forge_2,base_epic_pkg,Item,,0,,0,,False,,0,Gem,0,0,0,0,,0,rw_pr_epic_forge_2,,,,,desc_up_forgespeed,+10
pr_epic_battle_2,base_epic_pkg,Item,,0,,0,,False,,0,Gem,0,0,0,0,,0,rw_pr_epic_battle_2,,,,,desc_up_battlestat,+100
pr_epic_ether_2,base_epic_pkg,Item,,0,,0,,False,,0,Gem,0,0,0,0,,0,rw_pr_epic_ether_2,,,,,desc_up_ether,+50
pr_epic_tachyon,base_epic_pkg,Item,,0,,0,,False,,0,Gem,0,0,0,0,,0,rw_pr_epic_tachyon,,,,,desc_up_tachyon,+50
pr_epic_tachyon_2,base_epic_pkg,Item,,0,,0,,False,,0,Gem,0,0,0,0,,0,rw_pr_epic_tachyon_2,,,,,desc_up_tachyon,+100
pr_epic_dimension,base_epic_pkg,Item,,0,,0,,False,,0,Gem,0,0,0,0,,0,rw_pr_epic_dimension,,,,,desc_up_dstone,+10
pr_epic_dimension_2,base_epic_pkg,Item,,0,,0,,False,,0,Gem,0,0,0,0,,0,rw_pr_epic_dimension_2,,,,,desc_up_dstone,+20
pr_epic_d_fuel,base_epic_pkg,Item,,0,,0,,False,,0,Gem,0,0,0,0,,0,rw_pr_epic_d_fuel,,,,,desc_up_dfuel,+50
pr_epic_d_fuel_2,base_epic_pkg,Item,,0,,0,,False,,0,Gem,0,0,0,0,,0,rw_pr_epic_d_fuel_2,,,,,desc_up_dfuel,+100
pr_epic_dial,base_epic_pkg,Item,,0,,0,,False,,0,Gem,0,0,0,0,,0,rw_pr_epic_dial,,,,,desc_up_cosmicdialtick,+25
pr_epic_dial_2,base_epic_pkg,Item,,0,,0,,False,,0,Gem,0,0,0,0,,0,rw_pr_epic_dial_2,,,,,desc_up_cosmicdialtick,+50
pr_epic_quantum,base_epic_pkg,Item,,0,,0,,False,,0,Gem,0,0,0,0,,0,rw_pr_epic_quantum,,,,,desc_up_quantumpoint,+50
pr_epic_quantum_2,base_epic_pkg,Item,,0,,0,,False,,0,Gem,0,0,0,0,,0,rw_pr_epic_quantum_2,,,,,desc_up_quantumpoint,+100
pr_epic_destiny,base_epic_pkg,Item,,0,,0,,False,,0,Gem,0,0,0,0,,0,rw_pr_epic_destiny,,,,,desc_up_destinyenergy,+50
pr_epic_destiny_2,base_epic_pkg,Item,,0,,0,,False,,0,Gem,0,0,0,0,,0,rw_pr_epic_destiny_2,,,,,desc_up_destinyenergy,+100
pr_booster_free,pr_booster_free,0,,0,,0,,False,,0,0,0,0,0,0,,0,rw_pr_booster_free,,,,,,
pr_booster_ads,pr_booster_free,Ads,,0,,0,,False,booster,0,0,0,0,0,300,,0,rw_pr_booster_ads,,,,,,
pr_booster_1,pr_booster_1,Item,,0,,0,,False,,0,Gem,0,0,0,0,,0,rw_pr_booster_1,,,,,,
pr_booster_2,pr_booster_2,Item,,0,,0,,False,,0,Gem,0,0,0,0,,0,rw_pr_booster_2,bonus_amount,20,,,,
pr_sp_mining,,Ads,,0,,0,,False,surprise,0,0,0,0,0,0,,0,rw_pr_sp_mining,,,,,,
pr_sp_1,,Ads,,0,,0,,False,surprise,0,0,0,0,0,0,,0,rw_pr_sp_1,,,,,,
pr_piggy_bank_ads,,Ads,,0,,0,,False,piggy_bank,0,0,0,0,0,0,,0,rw_pr_piggy_bank_ads,,,,,,
pr_piggy_bank_1,,Cash,,0.99,PiggyBank,99,piggy_bank_1,False,,0,0,0,0,0,0,,0,rw_pr_piggy_bank_1,,,,,,
pr_piggy_bank_2,,Cash,,4.99,PiggyBank,449,piggy_bank_2,False,,0,0,0,0,0,0,,0,rw_pr_piggy_bank_2,,,,,,
pr_piggy_bank_3,,Cash,,9.99,PiggyBank,949,piggy_bank_3,False,,0,0,0,0,0,0,,0,rw_pr_piggy_bank_3,,,,,,
pr_main_prestige_ads,,Ads,,0,,0,,False,prestige,0,0,0,0,0,0,,0,rw_pr_main_prestige_ads,,,,,,
pr_main_science_ads,,Ads,,0,,0,,False,science,0,0,0,0,0,1800,,0,rw_pr_main_science_ads,,,,,,
pr_main_quantum_ads,,Ads,,0,,0,,False,science,0,0,0,0,0,1800,,0,rw_pr_main_quantum_ads,,,,,,
pr_main_wol_ads,,Ads,,0,,0,,False,wol,0,0,0,0,0,90,,0,rw_pr_main_wol_ads,,,,,,
pr_main_singularity_ads,,Ads,,0,,0,,False,wol,0,0,0,0,0,90,,0,rw_pr_main_singularity_ads,,,,,,
pr_ch_exchange_wall_1,pr_ch_exchange,Item,,0,,0,,False,,0,ChallengeExTicket,0,0,0,0,,0,rw_pr_ch_wall_ticket_1,,,,,,
pr_ch_exchange_wall_5,pr_ch_exchange,Item,,0,,0,,False,,0,ChallengeExTicket,0,0,0,0,,0,rw_pr_ch_wall_ticket_5,,,,,,
pr_ch_exchange_licence_1,pr_ch_exchange,Item,,0,,0,,False,,0,ChallengeExTicket,0,0,0,0,,0,rw_pr_ch_licence_ticket_1,,,,,,
pr_ch_exchange_licence_5,pr_ch_exchange,Item,,0,,0,,False,,0,ChallengeExTicket,0,0,0,0,,0,rw_pr_ch_licence_ticket_5,,,,,,
pr_ch_exchange_chaos_1,pr_ch_exchange,Item,,0,,0,,False,,0,ChallengeExTicket,0,0,0,0,,0,rw_pr_ch_chaos_ticket_1,,,,,,
pr_ch_exchange_chaos_5,pr_ch_exchange,Item,,0,,0,,False,,0,ChallengeExTicket,0,0,0,0,,0,rw_pr_ch_chaos_ticket_5,,,,,,
pr_ch_exchange_lagrange_1,pr_ch_exchange,Item,,0,,0,,False,,0,ChallengeExTicket,0,0,0,0,,0,rw_pr_ch_lagrange_ticket_1,,,,,,
pr_ch_exchange_lagrange_5,pr_ch_exchange,Item,,0,,0,,False,,0,ChallengeExTicket,0,0,0,0,,0,rw_pr_ch_lagrange_ticket_5,,,,,,
pr_ch_exchange_dive_1,pr_ch_exchange,Item,,0,,0,,False,,0,ChallengeExTicket,0,0,0,0,,0,rw_pr_ch_dive_ticket_1,,,,,,
pr_ch_exchange_dive_5,pr_ch_exchange,Item,,0,,0,,False,,0,ChallengeExTicket,0,0,0,0,,0,rw_pr_ch_dive_ticket_5,,,,,,
pr_ch_wall_ticket_free,pr_ch,0,,0,,0,,False,,0,0,0,0,0,0,,0,rw_pr_ch_wall_ticket_1,,,,,,
pr_ch_wall_ticket_ads,pr_ch,Ads,,0,,0,,False,challenge,0,0,0,0,0,0,,0,rw_pr_ch_wall_ticket_1,,,,,,
pr_ch_wall_ticket_1,pr_ch,Item,,0,,0,,False,,0,Gem,0,0,0,0,,0,rw_pr_ch_wall_ticket_1,,,,,,
pr_ch_licence_ticket_free,pr_ch,0,,0,,0,,False,,0,0,0,0,0,0,,0,rw_pr_ch_licence_ticket_1,,,,,,
pr_ch_licence_ticket_ads,pr_ch,Ads,,0,,0,,False,challenge,0,0,0,0,0,0,,0,rw_pr_ch_licence_ticket_1,,,,,,
pr_ch_licence_ticket_1,pr_ch,Item,,0,,0,,False,,0,Gem,0,0,0,0,,0,rw_pr_ch_licence_ticket_1,,,,,,
pr_ch_dive_ticket_free,pr_ch,0,,0,,0,,False,,0,0,0,0,0,0,,0,rw_pr_ch_dive_ticket_1,,,,,,
pr_ch_dive_ticket_ads,pr_ch,Ads,,0,,0,,False,challenge,0,0,0,0,0,0,,0,rw_pr_ch_dive_ticket_1,,,,,,
pr_ch_dive_ticket_1,pr_ch,Item,,0,,0,,False,,0,Gem,0,0,0,0,,0,rw_pr_ch_dive_ticket_1,,,,,,
pr_ch_chaos_ticket_free,pr_ch,0,,0,,0,,False,,0,0,0,0,0,0,,0,rw_pr_ch_chaos_ticket_1,,,,,,
pr_ch_chaos_ticket_ads,pr_ch,Ads,,0,,0,,False,challenge,0,0,0,0,0,0,,0,rw_pr_ch_chaos_ticket_1,,,,,,
pr_ch_chaos_ticket_1,pr_ch,Item,,0,,0,,False,,0,Gem,0,0,0,0,,0,rw_pr_ch_chaos_ticket_set_1,,,,,,
pr_ch_chaos_ticket_2,pr_ch,Item,,0,,0,,False,,0,Gem,0,0,0,0,,0,rw_pr_ch_chaos_ticket_set_2,,,,,,
pr_ch_lagrange_ticket_free,pr_ch,0,,0,,0,,False,,0,0,0,0,0,0,,0,rw_pr_ch_lagrange_ticket_1,,,,,,
pr_ch_lagrange_ticket_ads,pr_ch,Ads,,0,,0,,False,challenge,0,0,0,0,0,0,,0,rw_pr_ch_lagrange_ticket_1,,,,,,
pr_ch_lagrange_ticket_1,pr_ch,Item,,0,,0,,False,,0,Gem,0,0,0,0,,0,rw_pr_ch_lagrange_ticket_set_1,,,,,,
pr_ch_lagrange_ticket_2,pr_ch,Item,,0,,0,,False,,0,Gem,0,0,0,0,,0,rw_pr_ch_lagrange_ticket_set_2,,,,,,
pr_service_nickname_free,,0,,0,,0,,False,,0,0,0,0,0,0,,0,rw_pr_service_nickname_1,,,,,,
pr_service_nickname_1,,Item,,0,,0,,False,,0,Gem,0,0,0,0,,0,rw_pr_service_nickname_1,,,,,,
pr_ev_coin_prize,,Item,,0,,0,,False,,0,EventCoin,0,0,0,0,,0,rw_pr_ev_coin_prize,,,,,,
pr_popup_blessing,pr_popup_store_pu_blessique,Cash,,2.99,PopupStore,299,popup_299,False,,0,0,0,0,0,0,,0,rw_pr_popup_blessing,,,,,,
pr_popup_ex_star,pr_popup_store_pu_blessique,Cash,,2.99,PopupStore,299,popup_299,False,,0,0,0,0,0,0,,0,rw_pr_popup_ex_star,,,,,,
pr_popup_mystic_token,pr_popup_store_pu_blessique,Cash,,7.99,PopupStore,799,popup_799,False,,0,0,0,0,0,0,,0,rw_pr_popup_mystic_token,,,,,,
pr_popup_ruin_shard,pr_popup_store_pu_pamyul_joojoso,Cash,,2.99,PopupStore,299,popup_299,False,,0,0,0,0,0,0,,0,rw_pr_popup_ruin_shard,,,,,,
pr_popup_ruin_stone,pr_popup_store_pu_pamyul_joojoso,Cash,,2.99,PopupStore,299,popup_299,False,,0,0,0,0,0,0,,0,rw_pr_popup_ruin_stone,,,,,,
pr_popup_collapse_shard,pr_popup_store_pu_pamyul_joojoso,Cash,,2.99,PopupStore,299,popup_299,False,,0,0,0,0,0,0,,0,rw_pr_popup_collapse_shard,,,,,,
pr_popup_collapse_stone,pr_popup_store_pu_pamyul_joojoso,Cash,,4.99,PopupStore,499,popup_499,False,,0,0,0,0,0,0,,0,rw_pr_popup_collapse_stone,,,,,,
pr_popup_d_shard,pr_popup_store_pu_elsewhen_co,Cash,,2.99,PopupStore,299,popup_299,False,,0,0,0,0,0,0,,0,rw_pr_popup_d_shard,,,,,,
pr_popup_d_star,pr_popup_store_pu_elsewhen_co,Cash,,2.99,PopupStore,299,popup_299,False,,0,0,0,0,0,0,,0,rw_pr_popup_d_star,,,,,,
pr_popup_clock,pr_popup_store_pu_golden_hands,Cash,,2.99,PopupStore,299,popup_299,False,,0,0,0,0,0,0,,0,rw_pr_popup_clock,,,,,,
pr_popup_clock_gold,pr_popup_store_pu_golden_hands,Cash,,2.99,PopupStore,299,popup_299,False,,0,0,0,0,0,0,,0,rw_pr_popup_clock_gold,,,,,,
pr_popup_map,pr_popup_store_pu_golden_hands,Cash,,2.99,PopupStore,299,popup_299,False,,0,0,0,0,0,0,,0,rw_pr_popup_map,,,,,,
pr_popup_map_gold,pr_popup_store_pu_golden_hands,Cash,,2.99,PopupStore,299,popup_299,False,,0,0,0,0,0,0,,0,rw_pr_popup_map_gold,,,,,,
pr_popup_scroll,pr_popup_store_pu_golden_hands,Cash,,2.99,PopupStore,299,popup_299,False,,0,0,0,0,0,0,,0,rw_pr_popup_scroll,,,,,,
pr_popup_scroll_gold,pr_popup_store_pu_golden_hands,Cash,,2.99,PopupStore,299,popup_299,False,,0,0,0,0,0,0,,0,rw_pr_popup_scroll_gold,,,,,,
pr_popup_prism_crystal,pr_popup_store_pu_the_atelier,Cash,,2.99,PopupStore,299,popup_299,False,,0,0,0,0,0,0,,0,rw_pr_popup_prism_crystal,,,,,,
pr_popup_prism_stone,pr_popup_store_pu_the_atelier,Cash,,2.99,PopupStore,299,popup_299,False,,0,0,0,0,0,0,,0,rw_pr_popup_prism_stone,,,,,,
pr_popup_prism_cube,pr_popup_store_pu_the_atelier,Cash,,4.99,PopupStore,499,popup_499,False,,0,0,0,0,0,0,,0,rw_pr_popup_prism_cube,,,,,,
ws_prism_pass_30,,External,,9.99,WebShop,999,,False,,0,0,0,0,0,0,,0,rw_ws_prism_pass_30,,,,,,
ws_prism_key_1,,External,,4.99,WebShop,499,,False,,0,0,0,0,0,0,,0,rw_ws_prism_key_1,,,,,,
ws_prism_key_2,,External,,9.99,WebShop,999,,False,,0,0,0,0,0,0,,0,rw_ws_prism_key_2,,,,,,
ws_prism_key_3,,External,,19.99,WebShop,1999,,False,,0,0,0,0,0,0,,0,rw_ws_prism_key_3,,,,,,
ws_catch_pkg,,External,,4.99,WebShop,499,,False,,0,0,0,0,0,0,,0,rw_ws_catch_pkg,,,,,,
ws_mine_pkg,,External,,9.99,WebShop,999,,False,,0,0,0,0,0,0,,0,rw_ws_mine_pkg,,,,,,
ws_buff_pkg,,External,,9.99,WebShop,999,,False,,0,0,0,0,0,0,,0,rw_ws_buff_pkg,,,,,,
ws_card_pkg,,External,,9.99,WebShop,999,,False,,0,0,0,0,0,0,,0,rw_ws_card_pkg,,,,,,
ws_science_pkg,,External,,19.99,WebShop,1999,,False,,0,0,0,0,0,0,,0,rw_ws_science_pkg,,,,,,
ws_upgrade_pkg,,External,,9.99,WebShop,999,,False,,0,0,0,0,0,0,,0,rw_ws_upgrade_pkg,,,,,,
ws_upgrade_2_pkg,,External,,37.99,WebShop,3799,,False,,0,0,0,0,0,0,,0,rw_ws_upgrade_2_pkg,,,,,,
ws_prism_card,,External,,49.99,WebShop,4999,,False,,0,0,0,0,0,0,,0,rw_ws_prism_card,,,,,,
ws_mystic,,External,,49.99,WebShop,4999,,False,,0,0,0,0,0,0,,0,rw_ws_mystic,,,,,,
ws_gem_1,,External,,0.99,WebShop,99,,False,,0,0,0,0,0,0,,0,rw_ws_gem_1,,,,,,
ws_gem_2,,External,,4.99,WebShop,499,,False,,0,0,0,0,0,0,,0,rw_ws_gem_2,,,,,,
ws_gem_3,,External,,9.99,WebShop,999,,False,,0,0,0,0,0,0,,0,rw_ws_gem_3,,,,,,
ws_gem_4,,External,,19.99,WebShop,1999,,False,,0,0,0,0,0,0,,0,rw_ws_gem_4,,,,,,
ws_gem_5,,External,,49.99,WebShop,4999,,False,,0,0,0,0,0,0,,0,rw_ws_gem_5,,,,,,
ws_gem_6,,External,,99.99,WebShop,9999,,False,,0,0,0,0,0,0,,0,rw_ws_gem_6,,,,,,
pr_beginner_step_up_1,pr_step_up_beginner,Cash,,0.99,BeginnerStepUp,99,beginner_step_up_1,False,,0,0,0,0,0,0,,0,rw_pr_beginner_step_up_1,,,step_up_n,1,,
pr_beginner_step_up_2,pr_step_up_beginner,0,,0,,0,,False,,0,0,0,0,0,0,,0,rw_pr_beginner_step_up_2,,,step_up_n,2,,
pr_beginner_step_up_3,pr_step_up_beginner,Cash,,3.99,BeginnerStepUp,399,beginner_step_up_3,False,,0,0,0,0,0,0,,0,rw_pr_beginner_step_up_3,,,step_up_n,3,,
pr_beginner_step_up_4,pr_step_up_beginner,0,,0,,0,,False,,0,0,0,0,0,0,,0,rw_pr_beginner_step_up_4,,,step_up_n,4,,
pr_beginner_step_up_5,pr_step_up_beginner,Cash,,3.99,BeginnerStepUp,399,beginner_step_up_5,False,,0,0,0,0,0,0,,0,rw_pr_beginner_step_up_5,,,step_up_n,5,,
pr_beginner_step_up_6,pr_step_up_beginner,0,,0,,0,,False,,0,0,0,0,0,0,,0,rw_pr_beginner_step_up_6,,,step_up_n,6,,
pr_beginner_step_up_7,pr_step_up_beginner,Cash,,7.99,BeginnerStepUp,799,beginner_step_up_7,False,,0,0,0,0,0,0,,0,rw_pr_beginner_step_up_7,,,step_up_n,7,,
pr_beginner_step_up_8,pr_step_up_beginner,0,,0,,0,,False,,0,0,0,0,0,0,,0,rw_pr_beginner_step_up_8,,,step_up_n,8,,
pr_nw_nw_pass_6,,Cash,,2.99,NewWorld,299,new_world_pass,False,,0,0,0,0,0,0,,0,rw_pr_nw_nw_pass_6,,,,,,
pr_nw_nw_gacha_ads,,Ads,,0,,0,,False,nw_gacha,0,0,0,0,0,300,,0,rw_pr_nw_nw_gacha_1,,,,,,
pr_nw_nw_gacha_1,,Item,,0,,0,,False,,0,Gem,0,0,0,0,,0,rw_pr_nw_nw_gacha_1,,,,,,
pr_nw_nw_gacha_10,,Item,,0,,0,,False,,0,Gem,0,0,0,0,,0,rw_pr_nw_nw_gacha_10,,,,,,
pr_nw_nw_gacha_ticket_1,,Item,,0,,0,,False,,NewWorld,NwCardTicket,1,0,0,0,,0,rw_pr_nw_nw_gacha_ticket_1,,,,,,
pr_nw_nw_gacha_ticket_10,,Item,,0,,0,,False,,NewWorld,NwCardTicket,1,0,0,0,,0,rw_pr_nw_nw_gacha_ticket_10,,,,,,
pr_nw_nw_gacha_epic_1,,Item,,0,,0,,False,,NewWorld,NwCardTicket,4,0,0,0,,0,rw_pr_nw_nw_gacha_epic_1,,,,,,
pr_nw_nw_gacha_epic_10,,Item,,0,,0,,False,,NewWorld,NwCardTicket,4,0,0,0,,0,rw_pr_nw_nw_gacha_epic_10,,,,,,
pr_nw_nw_gacha_legend_1,,Item,,0,,0,,False,,NewWorld,NwCardTicket,2,0,0,0,,0,rw_pr_nw_nw_gacha_legend_1,,,,,,
pr_nw_nw_gacha_legend_10,,Item,,0,,0,,False,,NewWorld,NwCardTicket,2,0,0,0,,0,rw_pr_nw_nw_gacha_legend_10,,,,,,
pr_nw_nw_gacha_legend_select,,Item,,0,,0,,False,,NewWorld,NwCardTicket,3,0,0,0,,0,rw_pr_nw_nw_gacha_legend_select,,,,,,
pr_nw_world_crystal_ads,,Ads,,0,,0,,False,world_crystal,0,0,0,0,0,300,,0,rw_pr_nw_world_crystal_ads,,,,,,
pr_nw_world_crystal_1,,Item,,0,,0,,False,,0,Gem,0,0,0,0,,0,rw_pr_nw_world_crystal_1,,,,,,
pr_nw_world_crystal_2,,Item,,0,,0,,False,,0,Gem,0,0,0,0,,0,rw_pr_nw_world_crystal_2,,,,,,
pr_nw_world_crystal_3,,Item,,0,,0,,False,,0,Gem,0,0,0,0,,0,rw_pr_nw_world_crystal_3,,,,,,
pr_nw_world_crystal_4,,Item,,0,,0,,False,,0,Gem,0,0,0,0,,0,rw_pr_nw_world_crystal_4,,,,,,
pr_nw_world_crystal_5,,Item,,0,,0,,False,,0,Gem,0,0,0,0,,0,rw_pr_nw_world_crystal_5,,,,,,
pr_nw_time_leap_ads,,Ads,,0,,0,,False,time_leap,0,0,0,0,0,300,,0,rw_pr_nw_time_leap_ads,,,,,,
pr_nw_time_leap_1,,Item,,0,,0,,False,,0,Gem,0,0,0,0,,0,rw_pr_nw_time_leap_1,,,,,,
pr_nw_time_leap_2,,Item,,0,,0,,False,,0,Gem,0,0,0,0,,0,rw_pr_nw_time_leap_2,,,,,,
pr_nw_nwcard_small_box,,Cash,,3.99,NewWorld,399,nw_card_small_box_pkg,False,,0,0,0,0,0,0,,0,rw_pr_nw_nwcard_small_box,,,,,,
pr_nw_nwcard_big_box,,Cash,,9.99,NewWorld,1299,nw_card_big_box_pkg,False,,0,0,0,0,0,0,,0,rw_pr_nw_nwcard_big_box,,,,,,
pr_nw_rank_5,,Item,,0,,0,,False,,0,Gem,0,0,0,0,,0,rw_pr_nw_rank_5,,,,,,
pr_nw_rank_8,,Item,,0,,0,,False,,0,Gem,0,0,0,0,,0,rw_pr_nw_rank_8,,,,,,
pr_ev_main_2026_02_sp_bingo,,Item,,0,,0,,False,,Main,EventPoint,1202602,0,0,0,,0,,,,,,,
pr_ev_main_2026_02_sp_find_heart,,Item,,0,,0,,False,,Main,EventPoint,1202602,0,0,0,,0,,,,,,,
pr_ev_main_2026_02_sp_exchange_gem,pr_exchange_small,Item,,0,,0,,False,,Main,EventPoint,1202602,0,0,0,,0,rw_pr_ev_main_2026_02_sp_exchange_gem,,,,,,
pr_ev_main_2026_02_sp_exchange_gem_large,pr_exchange_small,Item,,0,,0,,False,,Main,EventPoint,1202602,0,0,0,,0,rw_pr_ev_main_2026_02_sp_exchange_gem_large,,,,,,
pr_ev_main_2026_02_sp_exchange_spellbook,pr_exchange_small,Item,,0,,0,,False,,Main,EventPoint,1202602,0,0,0,,0,rw_pr_ev_main_2026_02_sp_exchange_spellbook,,,,,,
pr_ev_main_2026_02_sp_exchange_spellbook_large,pr_exchange_small,Item,,0,,0,,False,,Main,EventPoint,1202602,0,0,0,,0,rw_pr_ev_main_2026_02_sp_exchange_spellbook_large,,,,,,
pr_ev_main_2026_02_sp_exchange_prism_key,pr_exchange_small,Item,,0,,0,,False,,Main,EventPoint,1202602,0,0,0,,0,rw_pr_ev_main_2026_02_sp_exchange_prism_key,,,,,,
pr_ev_main_2026_02_sp_exchange_prism_key_large,pr_exchange_small,Item,,0,,0,,False,,Main,EventPoint,1202602,0,0,0,,0,rw_pr_ev_main_2026_02_sp_exchange_prism_key_large,,,,,,
pr_ev_main_2026_02_sp_exchange_prism_pass_3,pr_exchange_small,Item,,0,,0,,False,,Main,EventPoint,1202602,0,0,0,,0,rw_pr_ev_main_2026_02_sp_exchange_prism_pass_3,,,,,,
pr_ev_main_2026_02_sp_exchange_prism_pass_7,pr_exchange_small,Item,,0,,0,,False,,Main,EventPoint,1202602,0,0,0,,0,rw_pr_ev_main_2026_02_sp_exchange_prism_pass_7,,,,,,
pr_ev_main_2026_02_sp_ads,pr_event_sp_ads,Ads,,0,,0,,False,event,0,0,0,0,0,300,,0,rw_pr_ev_main_2026_02_sp_ads,,,name_pr_ev_main_2024_08_ads,,,
pr_ev_main_2026_02_sp_super,pr_event_sp_super,Cash,,0.5,Event,50,event_sp_super,False,,0,0,0,0,0,0,,0,rw_pr_ev_main_2026_02_sp_super,discount,96,name_pr_prism_pkg_prism_key,,desc_pr_prism_pkg_prism_key,
pr_ev_main_2026_02_sp_pkg,pr_event_sp_pkg,Cash,,7.99,Event,749,event_sp_pkg,False,,0,0,0,0,0,0,,0,rw_pr_ev_main_2026_02_sp_pkg,event_product_value,8,name_pr_ev_main_2026_02_sp_pkg,,desc_pr_ev_main_2025_12_sp_pkg,
pr_ev_main_2026_02_sp_xl_pkg,pr_event_sp_xl_pkg,Cash,,37.99,Event,3699,event_sp_xl_pkg,False,,0,0,0,0,0,0,,0,rw_pr_ev_main_2026_02_sp_xl_pkg,event_product_value,10,name_pr_ev_main_2026_02_sp_xl_pkg,,desc_pr_ev_main_2025_12_sp_xl_pkg,
pr_ev_main_2026_03_take_photo,,Item,,0,,0,,False,,Main,EventPoint,202603,0,0,0,,0,,,,,,,
pr_ev_main_2026_03_paper_flipping,,Item,,0,,0,,False,,Main,EventPoint,202603,0,0,0,,0,,,,,,,
pr_ev_main_2026_03_exchange_gem,pr_exchange_small,Item,,0,,0,,False,,Main,EventPoint,202603,0,0,0,,0,rw_pr_ev_main_2026_03_exchange_gem,,,,,,
pr_ev_main_2026_03_exchange_spellbook,pr_exchange_small,Item,,0,,0,,False,,Main,EventPoint,202603,0,0,0,,0,rw_pr_ev_main_2026_03_exchange_spellbook,,,,,,
pr_ev_main_2026_03_exchange_item_legend,pr_exchange_small,Item,,0,,0,,False,,Main,EventPoint,202603,0,0,0,,0,rw_pr_ev_main_2026_03_exchange_item_legend,,,,,,
pr_ev_main_2026_03_exchange_item_mystic,pr_exchange_small,Item,,0,,0,,False,,Main,EventPoint,202603,0,0,0,,0,rw_pr_ev_main_2026_03_exchange_item_mystic,,,,,,
pr_ev_main_2026_03_exchange_card_epic,pr_exchange_small,Item,,0,,0,,False,,Main,EventPoint,202603,0,0,0,,0,rw_pr_ev_main_2026_03_exchange_card_epic,,,,,,
pr_ev_main_2026_03_exchange_card_legend,pr_exchange_small,Item,,0,,0,,False,,Main,EventPoint,202603,0,0,0,,0,rw_pr_ev_main_2026_03_exchange_card_legend,,,,,,
pr_ev_main_2026_03_exchange_clock_gold,pr_exchange_small,Item,,0,,0,,False,,Main,EventPoint,202603,0,0,0,,0,rw_pr_ev_main_2026_03_exchange_clock_gold,,,,,,
pr_ev_main_2026_03_exchange_map_gold,pr_exchange_small,Item,,0,,0,,False,,Main,EventPoint,202603,0,0,0,,0,rw_pr_ev_main_2026_03_exchange_map_gold,,,,,,
pr_ev_main_2026_03_exchange_scroll_gold,pr_exchange_small,Item,,0,,0,,False,,Main,EventPoint,202603,0,0,0,,0,rw_pr_ev_main_2026_03_exchange_scroll_gold,,,,,,
pr_ev_main_2026_03_exchange_blessing,pr_exchange_small,Item,,0,,0,,False,,Main,EventPoint,202603,0,0,0,,0,rw_pr_ev_main_2026_03_exchange_blessing,,,,,,
pr_ev_main_2026_03_exchange_ex_star,pr_exchange_small,Item,,0,,0,,False,,Main,EventPoint,202603,0,0,0,,0,rw_pr_ev_main_2026_03_exchange_ex_star,,,,,,
pr_ev_main_2026_03_exchange_ruin_stone,pr_exchange_small,Item,,0,,0,,False,,Main,EventPoint,202603,0,0,0,,0,rw_pr_ev_main_2026_03_exchange_ruin_stone,,,,,,
pr_ev_main_2026_03_exchange_d_star,pr_exchange_small,Item,,0,,0,,False,,Main,EventPoint,202603,0,0,0,,0,rw_pr_ev_main_2026_03_exchange_d_star,,,,,,
pr_ev_main_2026_03_exchange_challenge,pr_exchange_small,Item,,0,,0,,False,,Main,EventPoint,202603,0,0,0,,0,rw_pr_ev_main_2026_03_exchange_challenge,,,,,,
pr_ev_main_2026_03_exchange_prism_key,pr_exchange_small,Item,,0,,0,,False,,Main,EventPoint,202603,0,0,0,,0,rw_pr_ev_main_2026_03_exchange_prism_key,,,,,,
pr_ev_main_2026_03_exchange_prism_stone,pr_exchange_small,Item,,0,,0,,False,,Main,EventPoint,202603,0,0,0,,0,rw_pr_ev_main_2026_03_exchange_prism_stone,,,,,,
pr_ev_main_2026_03_exchange_prism_cube,pr_exchange_small,Item,,0,,0,,False,,Main,EventPoint,202603,0,0,0,,0,rw_pr_ev_main_2026_03_exchange_prism_cube,,,,,,
pr_ev_main_2026_03_exchange_mystic_token,pr_exchange_small,Item,,0,,0,,False,,Main,EventPoint,202603,0,0,0,,0,rw_pr_ev_main_2026_03_exchange_mystic_token,,,,,,
pr_ev_main_2026_03_pass,pr_event_pass,Cash,,14.99,Event,1399,event_pass,False,,0,0,0,0,0,0,,0,rw_pr_ev_main_2026_03_pass,,,name_pr_ev_main_2024_08_pass,,desc_pr_ev_main_2024_08_pass,
pr_ev_main_2026_03_ads,pr_event_ads,Ads,,0,,0,,False,event,0,0,0,0,0,300,,0,rw_pr_ev_main_2026_03_ads,,,name_pr_ev_main_2024_08_ads,,,
pr_ev_main_2026_03_super,pr_event_super,Cash,,0.5,Event,50,event_super,False,,0,0,0,0,0,0,,0,rw_pr_ev_main_2026_03_super,event_product_value,10,name_pr_ev_main_2024_08_super,,desc_pr_ev_main_2024_08_super,
pr_ev_main_2026_03_heroic,pr_event_heroic,Cash,,4.99,Event,449,event_heroic,False,,0,0,0,0,0,0,,0,rw_pr_ev_main_2026_03_heroic,event_product_value,4,name_pr_ev_main_2024_08_heroic,,desc_pr_ev_main_2024_08_heroic,
pr_ev_main_2026_03_epic,pr_event_epic,Cash,,9.99,Event,949,event_epic,False,,0,0,0,0,0,0,,0,rw_pr_ev_main_2026_03_epic,event_product_value,5,name_pr_ev_main_2024_08_epic,,desc_pr_ev_main_2024_08_epic,
pr_ev_main_2026_03_legend,pr_event_legend,Cash,,37.99,Event,3699,event_legend,False,,0,0,0,0,0,0,,0,rw_pr_ev_main_2026_03_legend,event_product_value,6,name_pr_ev_main_2024_08_legend,,desc_pr_ev_main_2024_08_legend,
pr_ev_main_2026_03_mystic,pr_event_mystic,Cash,,75.99,Event,6999,event_mystic,False,,0,0,0,0,0,0,,0,rw_pr_ev_main_2026_03_mystic,event_product_value,7,name_pr_ev_main_mystic,,desc_pr_ev_main_mystic,
pr_ev_main_2026_03_point,pr_event_point,Cash,,3.99,Event,349,event_point_new,False,,0,0,0,0,0,0,,0,rw_pr_ev_main_2026_03_point,,,,,,
pr_ev_main_2026_03_point_big,pr_event_point,Cash,,7.99,Event,749,event_point_big_new,False,,0,0,0,0,0,0,,0,rw_pr_ev_main_2026_03_point_big,,,,,,
pr_ev_main_2026_03_sp_miner_create,,Item,,0,,0,,False,,Main,EventPoint,1202603,0,0,0,,0,,,,,,,
pr_ev_main_2026_03_sp_miner_mine,,Item,,0,,0,,False,,Main,EventPoint,1202603,0,0,0,,0,,,,,,,
pr_ev_main_2026_03_sp_flying_bunny,,Item,,0,,0,,False,,Main,EventPoint,1202603,0,0,0,,0,,,,,,,
pr_ev_main_2026_03_sp_exchange_gem,pr_exchange_small,Item,,0,,0,,False,,Main,EventPoint,1202603,0,0,0,,0,rw_pr_ev_main_2026_03_sp_exchange_gem,,,,,,
pr_ev_main_2026_03_sp_exchange_gem_large,pr_exchange_small,Item,,0,,0,,False,,Main,EventPoint,1202603,0,0,0,,0,rw_pr_ev_main_2026_03_sp_exchange_gem_large,,,,,,
pr_ev_main_2026_03_sp_exchange_spellbook,pr_exchange_small,Item,,0,,0,,False,,Main,EventPoint,1202603,0,0,0,,0,rw_pr_ev_main_2026_03_sp_exchange_spellbook,,,,,,
pr_ev_main_2026_03_sp_exchange_spellbook_large,pr_exchange_small,Item,,0,,0,,False,,Main,EventPoint,1202603,0,0,0,,0,rw_pr_ev_main_2026_03_sp_exchange_spellbook_large,,,,,,
pr_ev_main_2026_03_sp_exchange_prism_key,pr_exchange_small,Item,,0,,0,,False,,Main,EventPoint,1202603,0,0,0,,0,rw_pr_ev_main_2026_03_sp_exchange_prism_key,,,,,,
pr_ev_main_2026_03_sp_exchange_prism_key_large,pr_exchange_small,Item,,0,,0,,False,,Main,EventPoint,1202603,0,0,0,,0,rw_pr_ev_main_2026_03_sp_exchange_prism_key_large,,,,,,
pr_ev_main_2026_03_sp_exchange_prism_pass_3,pr_exchange_small,Item,,0,,0,,False,,Main,EventPoint,1202603,0,0,0,,0,rw_pr_ev_main_2026_03_sp_exchange_prism_pass_3,,,,,,
pr_ev_main_2026_03_sp_exchange_prism_pass_7,pr_exchange_small,Item,,0,,0,,False,,Main,EventPoint,1202603,0,0,0,,0,rw_pr_ev_main_2026_03_sp_exchange_prism_pass_7,,,,,,
pr_ev_main_2026_03_sp_ads,pr_event_sp_ads,Ads,,0,,0,,False,event,0,0,0,0,0,300,,0,rw_pr_ev_main_2026_03_sp_ads,,,name_pr_ev_main_2024_08_ads,,,
pr_ev_main_2026_03_sp_super,pr_event_sp_super,Cash,,0.5,Event,50,event_sp_super,False,,0,0,0,0,0,0,,0,rw_pr_ev_main_2026_03_sp_super,discount,96,name_pr_prism_pkg_prism_key,,desc_pr_ev_main_2024_08_super,
pr_ev_main_2026_03_sp_pkg,pr_event_sp_pkg,Cash,,7.99,Event,749,event_sp_pkg,False,,0,0,0,0,0,0,,0,rw_pr_ev_main_2026_03_sp_pkg,event_product_value,8,name_pr_ev_main_2026_03_sp_pkg,,desc_pr_ev_main_2025_12_sp_pkg,
pr_ev_main_2026_03_sp_xl_pkg,pr_event_sp_xl_pkg,Cash,,37.99,Event,3699,event_sp_xl_pkg,False,,0,0,0,0,0,0,,0,rw_pr_ev_main_2026_03_sp_xl_pkg,event_product_value,10,name_pr_ev_main_2026_03_sp_xl_pkg,,desc_pr_ev_main_2025_12_sp_xl_pkg,
pr_ev_main_year_2_auction,,Item,,0,,0,,False,,Main,EventPoint,10003,0,0,0,,0,,,,,,,
pr_ev_main_year_2_carve,,Item,,0,,0,,False,,Main,EventPoint,10003,0,0,0,,0,,,,,,,
pr_ev_main_year_2_find_statue,,Item,,0,,0,,False,,Main,EventPoint,10003,0,0,0,,0,,,,,,,
pr_ev_main_year_2_exchange_gem,pr_exchange_small,Item,,0,,0,,False,,Main,EventPoint,10003,0,0,0,,0,rw_pr_ev_main_year_2_exchange_gem,,,,,,
pr_ev_main_year_2_exchange_gem_large,pr_exchange_small,Item,,0,,0,,False,,Main,EventPoint,10003,0,0,0,,0,rw_pr_ev_main_year_2_exchange_gem_large,,,,,,
pr_ev_main_year_2_exchange_spellbook,pr_exchange_small,Item,,0,,0,,False,,Main,EventPoint,10003,0,0,0,,0,rw_pr_ev_main_year_2_exchange_spellbook,,,,,,
pr_ev_main_year_2_exchange_spellbook_large,pr_exchange_small,Item,,0,,0,,False,,Main,EventPoint,10003,0,0,0,,0,rw_pr_ev_main_year_2_exchange_spellbook_large,,,,,,
pr_ev_main_year_2_exchange_blessing,pr_exchange_small,Item,,0,,0,,False,,Main,EventPoint,10003,0,0,0,,0,rw_pr_ev_main_year_2_exchange_blessing,,,,,,
pr_ev_main_year_2_exchange_blessing_large,pr_exchange_small,Item,,0,,0,,False,,Main,EventPoint,10003,0,0,0,,0,rw_pr_ev_main_year_2_exchange_blessing_large,,,,,,
pr_ev_main_year_2_exchange_ex_star,pr_exchange_small,Item,,0,,0,,False,,Main,EventPoint,10003,0,0,0,,0,rw_pr_ev_main_year_2_exchange_ex_star,,,,,,
pr_ev_main_year_2_exchange_ex_star_large,pr_exchange_small,Item,,0,,0,,False,,Main,EventPoint,10003,0,0,0,,0,rw_pr_ev_main_year_2_exchange_ex_star_large,,,,,,
pr_ev_main_year_2_exchange_prism_key,pr_exchange_small,Item,,0,,0,,False,,Main,EventPoint,10003,0,0,0,,0,rw_pr_ev_main_year_2_exchange_prism_key,,,,,,
pr_ev_main_year_2_exchange_prism_key_large,pr_exchange_small,Item,,0,,0,,False,,Main,EventPoint,10003,0,0,0,,0,rw_pr_ev_main_year_2_exchange_prism_key_large,,,,,,
pr_ev_main_year_2_exchange_prism_pass_3,pr_exchange_small,Item,,0,,0,,False,,Main,EventPoint,10003,0,0,0,,0,rw_pr_ev_main_year_2_exchange_prism_pass_3,,,,,,
pr_ev_main_year_2_exchange_prism_pass_7,pr_exchange_small,Item,,0,,0,,False,,Main,EventPoint,10003,0,0,0,,0,rw_pr_ev_main_year_2_exchange_prism_pass_7,,,,,,
pr_ev_main_year_2_free,pr_event_sp_free,0,,0,,0,,False,,0,0,0,0,0,0,,0,rw_pr_ev_main_year_2_free,,,name_pr_ev_main_year_2_free,,,
pr_ev_main_year_2_ads,pr_event_sp_ads,Ads,,0,,0,,False,event,0,0,0,0,0,300,,0,rw_pr_ev_main_year_2_ads,,,name_pr_ev_main_2024_08_ads,,,
pr_ev_main_year_2_prism,pr_event_sp_super,Cash,,0.5,Event,50,event_sp_super,False,,0,0,0,0,0,0,,0,rw_pr_ev_main_year_2_super,discount,96,name_pr_ev_main_year_1_5_prism,,desc_pr_ev_main_year_1_5_prism,
pr_ev_main_year_2_pkg,pr_event_sp_pkg,Cash,,7.99,Event,749,event_sp_pkg,False,,0,0,0,0,0,0,,0,rw_pr_ev_main_year_2_pkg,event_product_value,8,name_pr_ev_main_year_2_pkg,,,
pr_ev_main_year_2_xl_pkg,pr_event_sp_xl_pkg,Cash,,37.99,Event,3699,event_sp_xl_pkg,False,,0,0,0,0,0,0,,0,rw_pr_ev_main_year_2_xl_pkg,event_product_value,10,name_pr_ev_main_year_2_xl_pkg,,,
pr_ev_main_2026_05_gift_stack,,Item,,0,,0,,False,,Main,EventPoint,202605,0,0,0,,0,,,,,,,
pr_ev_main_2026_05_board_game,,Item,,0,,0,,False,,Main,EventPoint,202605,0,0,0,,0,,,,,,,
pr_ev_main_2026_05_exchange_gem,pr_exchange_small,Item,,0,,0,,False,,Main,EventPoint,202605,0,0,0,,0,rw_pr_ev_main_2026_05_exchange_gem,,,,,,
pr_ev_main_2026_05_exchange_spellbook,pr_exchange_small,Item,,0,,0,,False,,Main,EventPoint,202605,0,0,0,,0,rw_pr_ev_main_2026_05_exchange_spellbook,,,,,,
pr_ev_main_2026_05_exchange_item_legend,pr_exchange_small,Item,,0,,0,,False,,Main,EventPoint,202605,0,0,0,,0,rw_pr_ev_main_2026_05_exchange_item_legend,,,,,,
pr_ev_main_2026_05_exchange_item_mystic,pr_exchange_small,Item,,0,,0,,False,,Main,EventPoint,202605,0,0,0,,0,rw_pr_ev_main_2026_05_exchange_item_mystic,,,,,,
pr_ev_main_2026_05_exchange_card_epic,pr_exchange_small,Item,,0,,0,,False,,Main,EventPoint,202605,0,0,0,,0,rw_pr_ev_main_2026_05_exchange_card_epic,,,,,,
pr_ev_main_2026_05_exchange_card_legend,pr_exchange_small,Item,,0,,0,,False,,Main,EventPoint,202605,0,0,0,,0,rw_pr_ev_main_2026_05_exchange_card_legend,,,,,,
pr_ev_main_2026_05_exchange_clock_gold,pr_exchange_small,Item,,0,,0,,False,,Main,EventPoint,202605,0,0,0,,0,rw_pr_ev_main_2026_05_exchange_clock_gold,,,,,,
pr_ev_main_2026_05_exchange_map_gold,pr_exchange_small,Item,,0,,0,,False,,Main,EventPoint,202605,0,0,0,,0,rw_pr_ev_main_2026_05_exchange_map_gold,,,,,,
pr_ev_main_2026_05_exchange_scroll_gold,pr_exchange_small,Item,,0,,0,,False,,Main,EventPoint,202605,0,0,0,,0,rw_pr_ev_main_2026_05_exchange_scroll_gold,,,,,,
pr_ev_main_2026_05_exchange_blessing,pr_exchange_small,Item,,0,,0,,False,,Main,EventPoint,202605,0,0,0,,0,rw_pr_ev_main_2026_05_exchange_blessing,,,,,,
pr_ev_main_2026_05_exchange_ex_star,pr_exchange_small,Item,,0,,0,,False,,Main,EventPoint,202605,0,0,0,,0,rw_pr_ev_main_2026_05_exchange_ex_star,,,,,,
pr_ev_main_2026_05_exchange_ruin_stone,pr_exchange_small,Item,,0,,0,,False,,Main,EventPoint,202605,0,0,0,,0,rw_pr_ev_main_2026_05_exchange_ruin_stone,,,,,,
pr_ev_main_2026_05_exchange_d_star,pr_exchange_small,Item,,0,,0,,False,,Main,EventPoint,202605,0,0,0,,0,rw_pr_ev_main_2026_05_exchange_d_star,,,,,,
pr_ev_main_2026_05_exchange_challenge,pr_exchange_small,Item,,0,,0,,False,,Main,EventPoint,202605,0,0,0,,0,rw_pr_ev_main_2026_05_exchange_challenge,,,,,,
pr_ev_main_2026_05_exchange_prism_key,pr_exchange_small,Item,,0,,0,,False,,Main,EventPoint,202605,0,0,0,,0,rw_pr_ev_main_2026_05_exchange_prism_key,,,,,,
pr_ev_main_2026_05_exchange_prism_stone,pr_exchange_small,Item,,0,,0,,False,,Main,EventPoint,202605,0,0,0,,0,rw_pr_ev_main_2026_05_exchange_prism_stone,,,,,,
pr_ev_main_2026_05_exchange_prism_cube,pr_exchange_small,Item,,0,,0,,False,,Main,EventPoint,202605,0,0,0,,0,rw_pr_ev_main_2026_05_exchange_prism_cube,,,,,,
pr_ev_main_2026_05_exchange_mystic_token,pr_exchange_small,Item,,0,,0,,False,,Main,EventPoint,202605,0,0,0,,0,rw_pr_ev_main_2026_05_exchange_mystic_token,,,,,,
pr_ev_main_2026_05_pass,pr_event_pass,Cash,,14.99,Event,1399,event_pass,False,,0,0,0,0,0,0,,0,rw_pr_ev_main_2026_05_pass,,,name_pr_ev_main_2024_08_pass,,desc_pr_ev_main_2024_08_pass,
pr_ev_main_2026_05_ads,pr_event_ads,Ads,,0,,0,,False,event,0,0,0,0,0,300,,0,rw_pr_ev_main_2026_05_ads,,,name_pr_ev_main_2024_08_ads,,,
pr_ev_main_2026_05_super,pr_event_super,Cash,,0.5,Event,50,event_super,False,,0,0,0,0,0,0,,0,rw_pr_ev_main_2026_05_super,event_product_value,10,name_pr_ev_main_2024_08_super,,desc_pr_ev_main_2024_08_super,
pr_ev_main_2026_05_heroic,pr_event_heroic,Cash,,4.99,Event,449,event_heroic,False,,0,0,0,0,0,0,,0,rw_pr_ev_main_2026_05_heroic,event_product_value,4,name_pr_ev_main_2024_08_heroic,,desc_pr_ev_main_2024_08_heroic,
pr_ev_main_2026_05_epic,pr_event_epic,Cash,,9.99,Event,949,event_epic,False,,0,0,0,0,0,0,,0,rw_pr_ev_main_2026_05_epic,event_product_value,5,name_pr_ev_main_2024_08_epic,,desc_pr_ev_main_2024_08_epic,
pr_ev_main_2026_05_legend,pr_event_legend,Cash,,37.99,Event,3699,event_legend,False,,0,0,0,0,0,0,,0,rw_pr_ev_main_2026_05_legend,event_product_value,6,name_pr_ev_main_2024_08_legend,,desc_pr_ev_main_2024_08_legend,
pr_ev_main_2026_05_mystic,pr_event_mystic,Cash,,75.99,Event,6999,event_mystic,False,,0,0,0,0,0,0,,0,rw_pr_ev_main_2026_05_mystic,event_product_value,7,name_pr_ev_main_mystic,,desc_pr_ev_main_mystic,
pr_ev_main_2026_05_point,pr_event_point,Cash,,3.99,Event,349,event_point_new,False,,0,0,0,0,0,0,,0,rw_pr_ev_main_2026_05_point,,,,,,
pr_ev_main_2026_05_point_big,pr_event_point,Cash,,7.99,Event,749,event_point_big_new,False,,0,0,0,0,0,0,,0,rw_pr_ev_main_2026_05_point_big,,,,,,
pr_ev_main_2026_06_sp_goal_shot,,Item,,0,,0,,False,,Main,EventPoint,1202606,0,0,0,,0,rw_pr_ev_main_2026_06_sp_goal_shot,,,,,,
pr_ev_main_2026_06_sp_dribble_master,,Item,,0,,0,,False,,Main,EventPoint,1202606,0,0,0,,0,rw_pr_ev_main_2026_06_sp_dribble_master,,,,,,
pr_ev_main_2026_06_sp_exchange_gem,pr_exchange_small,Item,,0,,0,,False,,Main,EventPoint,1202606,0,0,0,,0,rw_pr_ev_main_2026_06_sp_exchange_gem,,,,,,
pr_ev_main_2026_06_sp_exchange_gem_large,pr_exchange_small,Item,,0,,0,,False,,Main,EventPoint,1202606,0,0,0,,0,rw_pr_ev_main_2026_06_sp_exchange_gem_large,,,,,,
pr_ev_main_2026_06_sp_exchange_spellbook,pr_exchange_small,Item,,0,,0,,False,,Main,EventPoint,1202606,0,0,0,,0,rw_pr_ev_main_2026_06_sp_exchange_spellbook,,,,,,
pr_ev_main_2026_06_sp_exchange_spellbook_large,pr_exchange_small,Item,,0,,0,,False,,Main,EventPoint,1202606,0,0,0,,0,rw_pr_ev_main_2026_06_sp_exchange_spellbook_large,,,,,,
pr_ev_main_2026_06_sp_exchange_clock_gold,pr_exchange_small,Item,,0,,0,,False,,Main,EventPoint,1202606,0,0,0,,0,rw_pr_ev_main_2026_06_sp_exchange_clock_gold,,,,,,
pr_ev_main_2026_06_sp_exchange_map_gold,pr_exchange_small,Item,,0,,0,,False,,Main,EventPoint,1202606,0,0,0,,0,rw_pr_ev_main_2026_06_sp_exchange_map_gold,,,,,,
pr_ev_main_2026_06_sp_exchange_prism_key,pr_exchange_small,Item,,0,,0,,False,,Main,EventPoint,1202606,0,0,0,,0,rw_pr_ev_main_2026_06_sp_exchange_prism_key,,,,,,
pr_ev_main_2026_06_sp_exchange_prism_key_large,pr_exchange_small,Item,,0,,0,,False,,Main,EventPoint,1202606,0,0,0,,0,rw_pr_ev_main_2026_06_sp_exchange_prism_key_large,,,,,,
pr_ev_main_2026_06_sp_ads,pr_event_sp_ads,Ads,,0,,0,,False,event,0,0,0,0,0,300,,0,rw_pr_ev_main_2026_06_sp_ads,,,name_pr_ev_main_2024_08_ads,,,
pr_ev_main_2026_06_sp_super,pr_event_sp_super,Cash,,0.5,Event,50,event_sp_super,False,,0,0,0,0,0,0,,0,rw_pr_ev_main_2026_06_sp_super,discount,96,name_pr_prism_pkg_prism_key,,desc_pr_prism_pkg_prism_key,
pr_ev_main_2026_06_sp_pkg,pr_event_sp_pkg,Cash,,7.99,Event,749,event_sp_pkg,False,,0,0,0,0,0,0,,0,rw_pr_ev_main_2026_06_sp_pkg,event_product_value,8,name_pr_ev_main_2026_06_sp_pkg,,desc_pr_ev_main_2025_12_sp_pkg,
pr_ev_main_2026_06_sp_xl_pkg,pr_event_sp_xl_pkg,Cash,,37.99,Event,3699,event_sp_xl_pkg,False,,0,0,0,0,0,0,,0,rw_pr_ev_main_2026_06_sp_xl_pkg,event_product_value,10,name_pr_ev_main_2026_06_sp_xl_pkg,,desc_pr_ev_main_2025_12_sp_xl_pkg,
pr_ev_main_2026_07_scale_greed,,Item,,0,,0,,False,,Main,EventPoint,202607,0,0,0,,0,,,,,,,
pr_ev_main_2026_07_ruins_exploration,,Item,,0,,0,,False,,Main,EventPoint,202607,0,0,0,,0,,,,,,,
pr_ev_main_2026_07_ruins_exploration_reset,,Item,,0,,0,,False,,Main,EventPoint,202607,0,0,0,,0,,,,,,,
pr_ev_main_2026_07_exchange_gem,pr_exchange_small,Item,,0,,0,,False,,Main,EventPoint,202607,0,0,0,,0,rw_pr_ev_main_2026_07_exchange_gem,,,,,,
pr_ev_main_2026_07_exchange_gem_large,pr_exchange_small,Item,,0,,0,,False,,Main,EventPoint,202607,0,0,0,,0,rw_pr_ev_main_2026_07_exchange_gem_large,,,,,,
pr_ev_main_2026_07_exchange_spellbook,pr_exchange_small,Item,,0,,0,,False,,Main,EventPoint,202607,0,0,0,,0,rw_pr_ev_main_2026_07_exchange_spellbook,,,,,,
pr_ev_main_2026_07_exchange_item_legend,pr_exchange_small,Item,,0,,0,,False,,Main,EventPoint,202607,0,0,0,,0,rw_pr_ev_main_2026_07_exchange_item_legend,,,,,,
pr_ev_main_2026_07_exchange_item_mystic,pr_exchange_small,Item,,0,,0,,False,,Main,EventPoint,202607,0,0,0,,0,rw_pr_ev_main_2026_07_exchange_item_mystic,,,,,,
pr_ev_main_2026_07_exchange_card_epic,pr_exchange_small,Item,,0,,0,,False,,Main,EventPoint,202607,0,0,0,,0,rw_pr_ev_main_2026_07_exchange_card_epic,,,,,,
pr_ev_main_2026_07_exchange_card_legend,pr_exchange_small,Item,,0,,0,,False,,Main,EventPoint,202607,0,0,0,,0,rw_pr_ev_main_2026_07_exchange_card_legend,,,,,,
pr_ev_main_2026_07_exchange_clock_gold,pr_exchange_small,Item,,0,,0,,False,,Main,EventPoint,202607,0,0,0,,0,rw_pr_ev_main_2026_07_exchange_clock_gold,,,,,,
pr_ev_main_2026_07_exchange_map_gold,pr_exchange_small,Item,,0,,0,,False,,Main,EventPoint,202607,0,0,0,,0,rw_pr_ev_main_2026_07_exchange_map_gold,,,,,,
pr_ev_main_2026_07_exchange_scroll_gold,pr_exchange_small,Item,,0,,0,,False,,Main,EventPoint,202607,0,0,0,,0,rw_pr_ev_main_2026_07_exchange_scroll_gold,,,,,,
pr_ev_main_2026_07_exchange_blessing,pr_exchange_small,Item,,0,,0,,False,,Main,EventPoint,202607,0,0,0,,0,rw_pr_ev_main_2026_07_exchange_blessing,,,,,,
pr_ev_main_2026_07_exchange_ex_star,pr_exchange_small,Item,,0,,0,,False,,Main,EventPoint,202607,0,0,0,,0,rw_pr_ev_main_2026_07_exchange_ex_star,,,,,,
pr_ev_main_2026_07_exchange_ruin_stone,pr_exchange_small,Item,,0,,0,,False,,Main,EventPoint,202607,0,0,0,,0,rw_pr_ev_main_2026_07_exchange_ruin_stone,,,,,,
pr_ev_main_2026_07_exchange_d_star,pr_exchange_small,Item,,0,,0,,False,,Main,EventPoint,202607,0,0,0,,0,rw_pr_ev_main_2026_07_exchange_d_star,,,,,,
pr_ev_main_2026_07_exchange_challenge,pr_exchange_small,Item,,0,,0,,False,,Main,EventPoint,202607,0,0,0,,0,rw_pr_ev_main_2026_07_exchange_challenge,,,,,,
pr_ev_main_2026_07_exchange_prism_key,pr_exchange_small,Item,,0,,0,,False,,Main,EventPoint,202607,0,0,0,,0,rw_pr_ev_main_2026_07_exchange_prism_key,,,,,,
pr_ev_main_2026_07_exchange_prism_stone,pr_exchange_small,Item,,0,,0,,False,,Main,EventPoint,202607,0,0,0,,0,rw_pr_ev_main_2026_07_exchange_prism_stone,,,,,,
pr_ev_main_2026_07_exchange_prism_cube,pr_exchange_small,Item,,0,,0,,False,,Main,EventPoint,202607,0,0,0,,0,rw_pr_ev_main_2026_07_exchange_prism_cube,,,,,,
pr_ev_main_2026_07_exchange_mystic_token,pr_exchange_small,Item,,0,,0,,False,,Main,EventPoint,202607,0,0,0,,0,rw_pr_ev_main_2026_07_exchange_mystic_token,,,,,,
pr_ev_main_2026_07_pass,pr_event_pass,Cash,,14.99,Event,1399,event_pass,False,,0,0,0,0,0,0,,0,rw_pr_ev_main_2026_07_pass,,,name_pr_ev_main_2024_08_pass,,name_ev_main_2026_07,
pr_ev_main_2026_07_ads,pr_event_ads,Ads,,0,,0,,False,event,0,0,0,0,0,300,,0,rw_pr_ev_main_2026_07_ads,,,name_pr_ev_main_2024_08_ads,,,
pr_ev_main_2026_07_super,pr_event_super,Cash,,0.5,Event,50,event_super,False,,0,0,0,0,0,0,,0,rw_pr_ev_main_2026_07_super,event_product_value,10,name_pr_ev_main_2024_08_super,,desc_pr_ev_main_2024_08_super,
pr_ev_main_2026_07_heroic,pr_event_heroic,Cash,,4.99,Event,449,event_heroic,False,,0,0,0,0,0,0,,0,rw_pr_ev_main_2026_07_heroic,event_product_value,4,name_pr_ev_main_2024_08_heroic,,desc_pr_ev_main_2024_08_heroic,
pr_ev_main_2026_07_epic,pr_event_epic,Cash,,9.99,Event,949,event_epic,False,,0,0,0,0,0,0,,0,rw_pr_ev_main_2026_07_epic,event_product_value,5,name_pr_ev_main_2024_08_epic,,desc_pr_ev_main_2024_08_epic,
pr_ev_main_2026_07_legend,pr_event_legend,Cash,,37.99,Event,3699,event_legend,False,,0,0,0,0,0,0,,0,rw_pr_ev_main_2026_07_legend,event_product_value,6,name_pr_ev_main_2024_08_legend,,desc_pr_ev_main_2024_08_legend,
pr_ev_main_2026_07_mystic,pr_event_mystic,Cash,,75.99,Event,6999,event_mystic,False,,0,0,0,0,0,0,,0,rw_pr_ev_main_2026_07_mystic,event_product_value,7,name_pr_ev_main_mystic,,desc_pr_ev_main_mystic,
pr_ev_main_2026_07_mystic_card,pr_event_mystic_card,Cash,,37.99,Event,3699,event_mystic_card,False,,0,0,0,0,0,0,,0,rw_pr_ev_main_2026_07_mystic_card,event_product_value,10,name_pr_ev_main_mystic_card,,,
pr_ev_main_2026_07_point,pr_event_point,Cash,,3.99,Event,349,event_point_new,False,,0,0,0,0,0,0,,0,rw_pr_ev_main_2026_07_point,,,,,,
pr_ev_main_2026_07_point_big,pr_event_point,Cash,,7.99,Event,749,event_point_big_new,False,,0,0,0,0,0,0,,0,rw_pr_ev_main_2026_07_point_big,,,,,,
